Sheet ID,Organization Name,Phone,Web Address,Organization Type,Does the organization bank with us?,Organization Relationship,Tax ID/EIN,Vendor ID,Mission Statement,Historical Involvement,Notes,Tags,Street,City,State,Zip,Our Representative,Our Representative Present?,Reviewed,Last Review,Review Expiration Date,Full Name,Email,Job Title,Phone.1,Phone Ext,Primary Contact,CRA Eligible,CRA Qualifying Rationale,Purpose,Development Activities,Qualitative Factors,Impact Areas,Impact Tags,addresses
O-00001,NWCUA,,,,,,,,,,,,,,,,,,,,,,,,,,,,,,,,,,"13221 SW 68th Pkwy #400, Tigard, OR 97223, United States"
O-00002,Hispanic Metropolitan Chamber,,,,,,,,,,,,,,,,,,,,,,,,,,,,,,,,,,"333 SW 5th Ave # 100, Portland, OR 97204, United States"
O-00003,McMinnville Chamber,,,,,,,,,,,,,,,,,,,,,,,,,,,,,,,,,,"417 NE Adams St, McMinnville, OR 97128, United States"
O-00004,Alameda School Foundation,,,,,,,,,,,,,,,,,,,,,,,,,,,,,,,,,,"2732 NE Fremont St, Portland, OR 97212, United States"
O-00005,Cedar Hills Kindergarten and Preschool,,,,,,,,,,,,,,,,,,,,,,,,,,,,,,,,,,"11695 SW Park Way, Portland, OR 97225, United States"
O-00006,East County Basketball Academy,,,,,,,,,,,,,,,,,,,,,,,,,,,,,,,,,,Cannot find address.
O-00007,Food for Families,,,,,,,,,,,,,,,,,,,,,,,,,,,,,,,,,,"1300 SW 6th Ave # 101, Portland, OR 97201, United States"
O-00008,"Girls, Inc. of the Pacific Northwest",,,,,,,,,,,,,,,,,,,,,,,,,,,,,,,,,,"4800 SW Macadam Ave #309, Portland, OR 97239, United States"
O-00009,McMinnville Chamber of Commerce,,,,,,,,,,,,,,,,,,,,,,,,,,,,,,,,,,"417 NE Adams St, McMinnville, OR 97128, United States"
O-00010,Nerd Herd 4043,,,,,,,,,,,,,,,,,,,,,,,,,,,,,,,,,,Cannot find address.
O-00011,Northwest Senior Theatre,,,,,,,,,,,,,,,,,,,,,,,,,,,,,,,,,,"6149 SW Shattuck Rd, Portland, OR 97221, United States"
O-00012,Oregon DECA,,,,,,,,,,,,,,,,,,,,,,,,,,,,,,,,,,Cannot find address.
O-00013,PROPER,,,,,,,,,,,,,,,,,,,,,,,,,,,,,,,,,,"4072 N Williams Ave, Portland, OR 97227, United States"
O-00014,SMART,,,,,,,,,,,,,,,,,,,,,,,,,,,,,,,,,,"1605 SW Naito Pkwy, Portland, OR 97201, United States"
O-00015,Lakewood Center for the Arts,,,,,,,,,,,,,,,,,,,,,,,,,,,,,,,,,,"368 S State St, Lake Oswego, OR 97034, United States"
O-00016,United Way,,,,,,,,,,,,,,,,,,,,,,,,,,,,,,,,,,"619 SW 11th Ave #300, Portland, OR 97205, United States"
O-00017,Rotary Club of Bend,,,,,,,,,,,,,,,,,,,,,,,,,,,,,,,,,,"1220 SW Morrison St #425, Portland, OR 97205, United States"
O-00018,Store to Door,,,,,,,,,,,,,,,,,,,,,,,,,,,,,,,,,,"7730 SW 31st Ave, Portland, OR 97219, United States"
O-00019,"Guide Dogs for the Blind, Inc.",,,,,,,,,,,,,,,,,,,,,,,,,,,,,,,,,,"204 SW Yamhill St, Portland, OR 97204, United States"
O-00020,Classroom Law Project,,,,,,,,,,,,,,,,,,,,,,,,,,,,,,,,,,"620 SW Main St #102, Portland, OR 97205, United States"
O-00021,Duniway School Foundation,,,,,,,,,,,,,,,,,,,,,,,,,,,,,,,,,,"7700 SE Reed College Pl, Portland, OR 97202, United States"
O-00022,Concordia University,,,,,,,,,,,,,,,,,,,,,,,,,,,,,,,,,,"2811 NE Holman St, Portland, OR 97211, United States"
O-00023,Portland Actors Conservatory,,,,,,,,,,,,,,,,,,,,,,,,,,,,,,,,,,"3121 SW Moody Ave UNIT 200, Portland, OR 97239, United States"
O-00024,North Clackamas Education Foundation,,,,,,,,,,,,,,,,,,,,,,,,,,,,,,,,,,"8800 SE Sunnyside Rd Suite 121S, Clackamas, OR 97015, United States"
O-00025,Colton Holly Memorial Scholarship Fund,,,,,,,,,,,,,,,,,,,,,,,,,,,,,,,,,,"27215 SW Wood Ave, Wilsonville, OR 97070, United States"
O-00026,Human Solutions,,,,,,,,,,,,,,,,,,,,,,,,,,,,,,,,,,"12350 SE Powell Blvd, Portland, OR 97236, United States"
O-00027,Chess for Success,,,,,,,,,,,,,,,,,,,,,,,,,,,,,,,,,,"Portland, OR 97201, United States"
O-00028,Irvington School PTA,,,,,,,,,,,,,,,,,,,,,,,,,,,,,,,,,,"1320 NE Brazee St, Portland, OR 97212, United States"
O-00029,Meals On Wheels People,,,,,,,,,,,,,,,,,,,,,,,,,,,,,,,,,,"1032 SW Main St, Portland, OR 97205, United States"
O-00030,NAMI Clackamas,,,,,,,,,,,,,,,,,,,,,,,,,,,,,,,,,,"10202 SE 32nd Ave, Milwaukie, OR 97222, United States"
O-00031,Rieke Elementary School,,,,,,,,,,,,,,,,,,,,,,,,,,,,,,,,,,"1405 SW Vermont St, Portland, OR 97219, United States"
O-00032,Rigler PTA,,,,,,,,,,,,,,,,,,,,,,,,,,,,,,,,,,"5401 NE Prescott St, Portland, OR 97218, United States"
O-00033,Sage Elementary PTC,,,,,,,,,,,,,,,,,,,,,,,,,,,,,,,,,,"2790 SW Wickiup Ave, Redmond, OR 97756, United States"
O-00034,Springfield Utility Board,,,,,,,,,,,,,,,,,,,,,,,,,,,,,,,,,,"250 A St, Springfield, OR 97477, United States"
O-00035,Education Foundation for Bend-LaPine Sch,,,,,,,,,,,,,,,,,,,,,,,,,,,,,,,,,,"520 NW Wall St #325, Bend, OR 97701, United States"
O-00036,Regional Arts & Culture Council,,,,,,,,,,,,,,,,,,,,,,,,,,,,,,,,,,"411 NW Park Ave #101, Portland, OR 97209, United States"
O-00037,BEAT,,,,,,,,,,,,,,,,,,,,,,,,,,,,,,,,,,"818 SW 3rd Ave, Portland, OR 97204, United States"
O-00038,American Cancer Society,,,,,,,,,,,,,,,,,,,,,,,,,,,,,,,,,,"330 SW Curry St, Portland, OR 97239, United States"
O-00039,Bradley Angle,,,,,,,,,,,,,,,,,,,,,,,,,,,,,,,,,,"5432 N Albina Ave, Portland, OR 97217, United States"
O-00040,The Library Foundation,,,,,,,,,,,,,,,,,,,,,,,,,,,,,,,,,,"620 SW 5th Ave #1025, Portland, OR 97204, United States"
O-00041,Columbia Springs,,,,,,,,,,,,,,,,,,,,,,,,,,,,,,,,,,"12208 SE Evergreen Hwy, Vancouver, WA 98683, United States"
O-00042,For the Love of Schools,,,,,,,,,,,,,,,,,,,,,,,,,,,,,,,,,,"1130 SW Main St, Portland, OR 97205, United States"
O-00043,Make A Wish Foundation of Oregon,,,,,,,,,,,,,,,,,,,,,,,,,,,,,,,,,,"5901 SW Macadam Ave Suite 200, Portland, OR 97239, United States"
O-00044,Beaverton Education Foundation,,,,,,,,,,,,,,,,,,,,,,,,,,,,,,,,,,"3800 SW Cedar Hills Blvd, Beaverton, OR 97005, United States"
O-00045,Big Brothers Big Sisters of Central OR,,,,,,,,,,,,,,,,,,,,,,,,,,,,,,,,,,"412 SW 8th St #2209, Redmond, OR 97756, United States"
O-00046,Cascade School of Music,,,,,,,,,,,,,,,,,,,,,,,,,,,,,,,,,,"510 NE 3rd St, Bend, OR 97701, United States"
O-00047,CASH Oregon,,,,,,,,,,,,,,,,,,,,,,,,,,,,,,,,,,"2027 Lloyd Center, Portland, OR 97232, United States"
O-00048,Deschutes Public Library Foundation,,,,,,,,,,,,,,,,,,,,,,,,,,,,,,,,,,"507 NW Wall St, Bend, OR 97701, United States"
O-00049,Dress for Success,,,,,,,,,,,,,,,,,,,,,,,,,,,,,,,,,,"1532 NE 37th Ave, Portland, OR 97232, United States"
O-00050,Friends of Creston,,,,,,,,,,,,,,,,,,,,,,,,,,,,,,,,,,"3801-4099 SE 50th Ave, Portland, OR 97206, United States"
O-00051,Juliette's House,,,,,,,,,,,,,,,,,,,,,,,,,,,,,,,,,,"1075 SW Cedarwood Ave, McMinnville, OR 97128, United States"
O-00052,Looking Glass Youth & Family Services,,,,,,,,,,,,,,,,,,,,,,,,,,,,,,,,,,"1790 W 11th Ave #200, Eugene, OR 97402, United States"
O-00053,National Brain Tumor Society,,,,,,,,,,,,,,,,,,,,,,,,,,,,,,,,,,"55 Chapel St, Newton, MA 02458, United States"
O-00054,Portland Homeless Family Solutions,,,,,,,,,,,,,,,,,,,,,,,,,,,,,,,,,,"6220 SE 92nd Ave, Portland, OR 97266, United States"
O-00055,Rahab's Sisters,,,,,,,,,,,,,,,,,,,,,,,,,,,,,,,,,,"247 SE 82nd Ave, Portland, OR 97215, United States"
O-00056,Thurston Elementary Parent Teacher,,,,,,,,,,,,,,,,,,,,,,,,,,,,,,,,,,"2300 Prairie St, Ann Arbor, MI 48105, United States"
O-00057,Rebuilding Together - Washington County,,,,,,,,,,,,,,,,,,,,,,,,,,,,,,,,,,"12550 SW 3rd St, Beaverton, OR 97005, United States"
O-00058,Llewellyn Elementary School Foundation,,,,,,,,,,,,,,,,,,,,,,,,,,,,,,,,,,"6301 SE 14th Ave, Portland, OR 97202, United States"
O-00059,Latino Community Association,,,,,,,,,,,,,,,,,,,,,,,,,,,,,,,,,,"2445 NE Division St #200, Bend, OR 97701, United States"
O-00060,Parks Foundation,,,,,,,,,,,,,,,,,,,,,,,,,,,,,,,,,,"1500 SW 1st Ave #760, Portland, OR 97201, United States"
O-00061,First Technology Credit Union,,,,,,,,,,,,,,,,,,,,,,,,,,,,,,,,,,"650 NE Holladay St Ste 160, Portland, OR 97232, United States"
O-00062,Randall Children's Hospital Foundation,,,,,,,,,,,,,,,,,,,,,,,,,,,,,,,,,,"2801 N Gantenbein Ave, Portland, OR 97227, United States"
O-00063,Financial Beginings Corporation,,,,,,,,,,,,,,,,,,,,,,,,,,,,,,,,,,"1326 SW 12th Ave STE 300, Portland, OR 97201, United States"
O-00064,Oregon Humane Society,,,,,,,,,,,,,,,,,,,,,,,,,,,,,,,,,,"1067 NE Columbia Blvd, Portland, OR 97211, United States"
O-00065,P:ear,,,,,,,,,,,,,,,,,,,,,,,,,,,,,,,,,,"338 NW 6th Ave, Portland, OR 97209, United States"
O-00066,Oregon Wildlife,,,,,,,,,,,,,,,,,,,,,,,,,,,,,,,,,,"901 SE Oak St #103, Portland, OR 97214, United States"
O-00067,Autistic Community Activity Program,,,,,,,,,,,,,,,,,,,,,,,,,,,,,,,,,,"1900 SE Milport Rd, Milwaukie, OR 97222, United States"
O-00068,"Classical Ballet Academy, Inc.",,,,,,,,,,,,,,,,,,,,,,,,,,,,,,,,,,"7970 SE Milwaukie Ave, Portland, OR 97202, United States"
O-00069,Foundation for Vancouver Public Schools,,,,,,,,,,,,,,,,,,,,,,,,,,,,,,,,,,"2901 Falk Rd, Vancouver, WA 98661, United States"
O-00070,High Desert Museum,,,,,,,,,,,,,,,,,,,,,,,,,,,,,,,,,,"59800 US-97, Bend, OR 97702, United States"
O-00071,TLC-TNT,,,,,,,,,,,,,,,,,,,,,,,,,,,,,,,,,,"5744 N Moore Ave, Portland, OR 97217, United States"
O-00072,William Temple House,,,,,,,,,,,,,,,,,,,,,,,,,,,,,,,,,,"2023 NW Hoyt St, Portland, OR 97209, United States"
O-00073,Clark County Skills Center Foundation,,,,,,,,,,,,,,,,,,,,,,,,,,,,,,,,,,"12200 NE 28th St, Vancouver, WA 98682, United States"
O-00074,Immigrant & Refugee Community Org,,,,,,,,,,,,,,,,,,,,,,,,,,,,,,,,,,"10301 NE Glisan St, Portland, OR 97220, United States"
O-00075,Neighborhood House,,,,,,,,,,,,,,,,,,,,,,,,,,,,,,,,,,"6650 SW Capitol Hwy, Portland, OR 97219, United States"
O-00076,PHOENIX Rising Transitions,,,,,,,,,,,,,,,,,,,,,,,,,,,,,,,,,,"1515 NW 23rd Ave, Portland, OR 97210, United States"
O-00077,Living Room,,,,,,,,,,,,,,,,,,,,,,,,,,,,,,,,,,"341 SW 10th Ave, Portland, OR 97205, United States"
O-00078,City of Oregon City,,,,,,,,,,,,,,,,,,,,,,,,,,,,,,,,,,"Oregon City, OR 97045, USA"
O-00079,Cascade AIDS Project,,,,,,,,,,,,,,,,,,,,,,,,,,,,,,,,,,"520 NW Davis St #215, Portland, OR 97209, United States"
O-00080,Oregon City Farmer's Market,,,,,,,,,,,,,,,,,,,,,,,,,,,,,,,,,,"2051 Kaen Rd, Oregon City, OR 97045, United States"
O-00081,Asian Pacific American Chamber,,,,,,,,,,,,,,,,,,,,,,,,,,,,,,,,,,"240 N Broadway #215, Portland, OR 97227, United States"
O-00082,Playworks,,,,,,,,,,,,,,,,,,,,,,,,,,,,,,,,,,"1125 SE Madison St #210, Portland, OR 97214, United States"
O-00083,Habitat for Humanity - Portland Metro East,,,,,,,,,,,,,,,,,,,,,,,,,,,,,,,,,,"1478 NE Killingsworth St, Portland, OR 97211, United States"
O-00084,Bridge Meadows,,,,,,,,,,,,,,,,,,,,,,,,,,,,,,,,,,"8502 N Wayland Ave, Portland, OR 97203, United States"
O-00085,Hacienda CDC,,,,,,,,,,,,,,,,,,,,,,,,,,,,,,,,,,"6700 NE Killingsworth St, Portland, OR 97218, United States"
O-00086,Habitat for Humanity,,,,,,,,,,,,,,,,,,,,,,,,,,,,,,,,,,"1478 NE Killingsworth St, Portland, OR 97211, United States"
O-00087,Friendly House,,,,,,,,,,,,,,,,,,,,,,,,,,,,,,,,,,"1737 NW 26th Ave, Portland, OR 97210, United States"
O-00088,Portland Housing Center,,,,,,,,,,,,,,,,,,,,,,,,,,,,,,,,,,"3233 NE Sandy Blvd, Portland, OR 97232, United States"
O-00089,Beaverton Area Chamber of Commerce,,,,,,,,,,,,,,,,,,,,,,,,,,,,,,,,,,"12600 SW Crescent St #160, Beaverton, OR 97005, United States"
O-00090,Caldera,,,,,,,,,,,,,,,,,,,,,,,,,,,,,,,,,,"224 NW 13th Ave, Portland, OR 97209, United States"
O-00091,City Of Beaverton,,,,,,,,,,,,,,,,,,,,,,,,,,,,,,,,,,"12725 SW Millikan Way, Beaverton, OR 97005, United States"
O-00092,Domestic Violence Resource Center,,,,,,,,,,,,,,,,,,,,,,,,,,,,,,,,,,"735 SW 158th Ave #100, Beaverton, OR 97006, United States"
O-00093,Focus On Youth,,,,,,,,,,,,,,,,,,,,,,,,,,,,,,,,,,"5901 SW Garden Home Rd, Portland, OR 97219, United States"
O-00094,Junior Achievement,,,,,,,,,,,,,,,,,,,,,,,,,,,,,,,,,,"7830 SE Foster Rd, Portland, OR 97206, United States"
O-00095,Junior Achievement of Oregon &,,,,,,,,,,,,,,,,,,,,,,,,,,,,,,,,,,"7830 SE Foster Rd, Portland, OR 97206, United States"
O-00096,Kinship House,,,,,,,,,,,,,,,,,,,,,,,,,,,,,,,,,,"1823 NE 8th Ave, Portland, OR 97212, United States"
O-00097,Lot Whitcomb Elementary School,,,,,,,,,,,,,,,,,,,,,,,,,,,,,,,,,,"7400 SE Thompson Rd, Milwaukie, OR 97222, United States"
O-00098,Parkrose School District #3,,,,,,,,,,,,,,,,,,,,,,,,,,,,,,,,,,"Parkrose School District 003, OR, USA"
O-00099,Virginia Garcia Memorial Foundation,,,,,,,,,,,,,,,,,,,,,,,,,,,,,,,,,,"226 SE 8th Ave, Hillsboro, OR 97123, United States"
O-00100,Beaumont Business Association,,,,,,,,,,,,,,,,,,,,,,,,,,,,,,,,,,"3519 NE 15th Ave, Portland, OR 97212, United States"
O-00101,Gresham Barlow School District,,,,,,,,,,,,,,,,,,,,,,,,,,,,,,,,,,"1331 NW Eastman Pkwy, Gresham, OR 97030, United States"
O-00102,Northwest Credit Union Association,,,,,,,,,,,,,,,,,,,,,,,,,,,,,,,,,,"13221 SW 68th Pkwy #400, Tigard, OR 97223, United States"
O-00103,Perrydale School,,,,,,,,,,,,,,,,,,,,,,,,,,,,,,,,,,"7445 Perrydale Rd, Amity, OR 97101, United States"
O-00104,Doernbecher,,,,,,,,,,,,,,,,,,,,,,,,,,,,,,,,,,"700 SW Campus Dr, Portland, OR 97239, United States"
O-00105,Children's Cancer Association,,,,,,,,,,,,,,,,,,,,,,,,,,,,,,,,,,"1200 NW Naito Pkwy #140, Portland, OR 97209, United States"
O-00106,Teaching With Purpose Conference,,,,,,,,,,,,,,,,,,,,,,,,,,,,,,,,,,"1825 SW Broadway, Portland, OR 97201, United States"
O-00107,Pacific Foundation for Blind Children,,,,,,,,,,,,,,,,,,,,,,,,,,,,,,,,,,"2214 E 13th St, Vancouver, WA 98661, United States"
O-00108,East Vancouver Business Association,,,,,,,,,,,,,,,,,,,,,,,,,,,,,,,,,,"11818 SE Mill Plain Blvd, Vancouver, WA 98684, United States"
O-00109,Children's Miracle Network,,,,,,,,,,,,,,,,,,,,,,,,,,,,,,,,,,"205 W 700 S, Salt Lake City, UT 84101, United States"
O-00110,Opportunity Knocks,,,,,,,,,,,,,,,,,,,,,,,,,,,,,,,,,,"320 SW Century Dr #405374, Bend, OR 97702, United States"
O-00111,Clackamas Community College,,,,,,,,,,,,,,,,,,,,,,,,,,,,,,,,,,"19600 Molalla Ave, Oregon City, OR 97045, United States"
O-00112,Healthy Beginnings,,,,,,,,,,,,,,,,,,,,,,,,,,,,,,,,,,"511 SW 10th Ave #610, Portland, OR 97205, United States"
O-00113,Hillsdale Business & Professional Assoc,,,,,,,,,,,,,,,,,,,,,,,,,,,,,,,,,,Cannot find address.
O-00114,Hillsdale Community Foundation,,,,,,,,,,,,,,,,,,,,,,,,,,,,,,,,,,"1509 SW Sunset Blvd #2b, Portland, OR 97239, United States"
O-00115,I Have A Dream Foundation-Oregon,,,,,,,,,,,,,,,,,,,,,,,,,,,,,,,,,,"2916 NE Alberta St suite d, Portland, OR 97211, United States"
O-00116,J Bar J Youth Services,,,,,,,,,,,,,,,,,,,,,,,,,,,,,,,,,,"62895 Hamby Rd, Bend, OR 97701, United States"
O-00117,L'Arche Portland,,,,,,,,,,,,,,,,,,,,,,,,,,,,,,,,,,"310 SW 4th Ave #840, Portland, OR 97204, United States"
O-00118,McMinnville Sunrise Rotary Foundation,,,,,,,,,,,,,,,,,,,,,,,,,,,,,,,,,,"300 Hillside Pkwy, McMinnville, OR 97128, United States"
O-00119,Momentum Alliance,,,,,,,,,,,,,,,,,,,,,,,,,,,,,,,,,,"‪630 NE Killingsworth St #11689‬, Portland, OR 97211, United States"
O-00120,Portland'5 Centers for the Arts,,,,,,,,,,,,,,,,,,,,,,,,,,,,,,,,,,"1111 SW Broadway, Portland, OR 97205, United States"
O-00121,School of Piano Technology for the Blind,,,,,,,,,,,,,,,,,,,,,,,,,,,,,,,,,,"2510 E Evergreen Blvd, Vancouver, WA 98661, United States"
O-00122,"Share, Inc.",,,,,,,,,,,,,,,,,,,,,,,,,,,,,,,,,,"2306 NE Andresen Rd, Vancouver, WA 98661, United States"
O-00123,Springfield Education Foundation,,,,,,,,,,,,,,,,,,,,,,,,,,,,,,,,,,"640 A St, Springfield, OR 97477, United States"
O-00124,McMinnville Downtown Association,,,,,,,,,,,,,,,,,,,,,,,,,,,,,,,,,,"105 NE 3rd St, McMinnville, OR 97128, United States"
O-00125,Doerbecher Children's Hospital,,,,,,,,,,,,,,,,,,,,,,,,,,,,,,,,,,"Doernbecher Children's Hospital, Portland, OR, USA"
O-00126,Downtown Bend Business Association,,,,,,,,,,,,,,,,,,,,,,,,,,,,,,,,,,"916 NW Wall St, Bend, OR 97701, United States"
O-00127,Cliff Dias Scholarship,,,,,,,,,,,,,,,,,,,,,,,,,,,,,,,,,,Cannot find address.
O-00128,Children's Healing Art Project,,,,,,,,,,,,,,,,,,,,,,,,,,,,,,,,,,"8065 Southeast Grand Avenue, Portland, OR 97202, United States"
O-00129,"Community Vision, Inc.",,,,,,,,,,,,,,,,,,,,,,,,,,,,,,,,,,"2475 SE Ladd Ave #240, Portland, OR 97214, United States"
O-00130,Friends of Portland Community Gardens,,,,,,,,,,,,,,,,,,,,,,,,,,,,,,,,,,"Portland, OR 97202, United States"
O-00131,Gresham-Barlow Education Foundation,,,,,,,,,,,,,,,,,,,,,,,,,,,,,,,,,,"2400 SE Baker Way, Gresham, OR 97080, United States"
O-00132,Hospice of Redmond,,,,,,,,,,,,,,,,,,,,,,,,,,,,,,,,,,"732 SW 23rd St, Redmond, OR 97756, United States"
O-00133,Kemple Memorial Childrens Dental Clinic,,,,,,,,,,,,,,,,,,,,,,,,,,,,,,,,,,"1029 NW 14th St, Bend, OR 97701, United States"
O-00134,Lift Urban Portland,,,,,,,,,,,,,,,,,,,,,,,,,,,,,,,,,,"1808 NW Irving St, Portland, OR 97209, United States"
O-00135,Northwest Credit Union Foundation,,,,,,,,,,,,,,,,,,,,,,,,,,,,,,,,,,"13221 SW 68th Pkwy #400, Tigard, OR 97223, United States"
O-00136,Northwest Down Syndrome Association,,,,,,,,,,,,,,,,,,,,,,,,,,,,,,,,,,"11611 NE Ainsworth Cir, Portland, OR 97220, United States"
O-00137,Operation Backpack,,,,,,,,,,,,,,,,,,,,,,,,,,,,,,,,,,Cannot find address.
O-00138,POIC,,,,,,,,,,,,,,,,,,,,,,,,,,,,,,,,,,"717 N Killingsworth Ct, Portland, OR 97217, United States"
O-00139,Project Pooch,,,,,,,,,,,,,,,,,,,,,,,,,,,,,,,,,,"15800 Boones Ferry Rd a2, Lake Oswego, OR 97035, United States"
O-00140,ROSE Community Development,,,,,,,,,,,,,,,,,,,,,,,,,,,,,,,,,,"5215 SE Duke St, Portland, OR 97206, United States"
O-00141,Tualatin Chamber of Commerce,,,,,,,,,,,,,,,,,,,,,,,,,,,,,,,,,,"8101 SW Nyberg St #102, Tualatin, OR 97062, United States"
O-00142,Clackamas Education Service District,,,,,,,,,,,,,,,,,,,,,,,,,,,,,,,,,,"13455 SE 97th Ave #8662, Clackamas, OR 97015, United States"
O-00143,TP Forever,,,,,,,,,,,,,,,,,,,,,,,,,,,,,,,,,,Cannot find address.
O-00144,Schoolhouse Supplies,,,,,,,,,,,,,,,,,,,,,,,,,,,,,,,,,,"4916 NE 122nd Ave, Portland, OR 97230, United States"
O-00145,Credit Unions for Kids,,,,,,,,,,,,,,,,,,,,,,,,,,,,,,,,,,"95 SW Taylor St, Portland, OR 97204, United States"
O-00146,Portland State University,,,,,,,,,,,,,,,,,,,,,,,,,,,,,,,,,,"1825 SW Broadway, Portland, OR 97201, United States"
O-00147,Adventist Health Hospice,,,,,,,,,,,,,,,,,,,,,,,,,,,,,,,,,,"5835 NE 122nd Ave Suite 135, Portland, OR 97230, United States"
O-00148,McMinnville Education Foundation,,,,,,,,,,,,,,,,,,,,,,,,,,,,,,,,,,"1500 NE Baker St, McMinnville, OR 97128, United States"
O-00149,Aim High Academy of Martial Arts,,,,,,,,,,,,,,,,,,,,,,,,,,,,,,,,,,"16205 NW Bethany Ct #100/116, Beaverton, OR 97006, United States"
O-00150,Community Action,,,,,,,,,,,,,,,,,,,,,,,,,,,,,,,,,,"9340 SW Barnes Rd #100, Portland, OR 97225, United States"
O-00151,Department of Human Services,,,,,,,,,,,,,,,,,,,,,,,,,,,,,,,,,,"New Market, 50 SW 2nd Ave, Portland, OR 97204, United States"
O-00152,Homeless Youth Law Clinic,,,,,,,,,,,,,,,,,,,,,,,,,,,,,,,,,,"314 SW 9th Ave, Portland, OR 97205, United States"
O-00153,HomePlate Youth Services,,,,,,,,,,,,,,,,,,,,,,,,,,,,,,,,,,"12520 SW 3rd St, Beaverton, OR 97005, United States"
O-00154,Molly's Fund Fighting Lupus,,,,,,,,,,,,,,,,,,,,,,,,,,,,,,,,,,"1125 SE Division St #210, Portland, OR 97202, United States"
O-00155,Raphael House of Portland,,,,,,,,,,,,,,,,,,,,,,,,,,,,,,,,,,"4110 SE Hawthorne Blvd, Portland, OR 97214, United States"
O-00156,Rose Haven CIC,,,,,,,,,,,,,,,,,,,,,,,,,,,,,,,,,,"627 NW 18th Ave, Portland, OR 97209, United States"
O-00157,Social Services of Clackamas County,,,,,,,,,,,,,,,,,,,,,,,,,,,,,,,,,,"2051 Kaen Rd UNIT 135, Oregon City, OR 97045, United States"
O-00158,Sparrows Club USA,,,,,,,,,,,,,,,,,,,,,,,,,,,,,,,,,,"906 NE Greenwood Ave # 2, Bend, OR 97701, United States"
O-00159,Trauma Intervention Program,,,,,,,,,,,,,,,,,,,,,,,,,,,,,,,,,,"4800 NE 122nd Ave, Portland, OR 97230, United States"
O-00160,Univera Serve First,,,,,,,,,,,,,,,,,,,,,,,,,,,,,,,,,,"3005 1st Ave #101, Seattle, WA 98121, United States"
O-00161,Willamette Valley Cancer Foundation,,,,,,,,,,,,,,,,,,,,,,,,,,,,,,,,,,"2700 SE Stratus Ave Suite a, McMinnville, OR 97128, United States"
O-00162,Providence Milwaukie Hospital Foundation,,,,,,,,,,,,,,,,,,,,,,,,,,,,,,,,,,"10150 SE 32nd Ave, Milwaukie, OR 97222, United States"
O-00163,Imagine Possibilities,,,,,,,,,,,,,,,,,,,,,,,,,,,,,,,,,,"4450 SW 184th Ave, Beaverton, OR 97007, United States"
O-00164,Metropolitan Family Service,,,,,,,,,,,,,,,,,,,,,,,,,,,,,,,,,,"1808 SE Belmont St #2727, Portland, OR 97214, United States"
O-00165,Oregon Ballet Theatre,,,,,,,,,,,,,,,,,,,,,,,,,,,,,,,,,,"0720 SW Bancroft St, Portland, OR 97239, United States"
O-00166,The Children's Course,,,,,,,,,,,,,,,,,,,,,,,,,,,,,,,,,,"19825 River Rd, Gladstone, OR 97027, United States"
O-00167,"Youth, Rights & Justice",,,,,,,,,,,,,,,,,,,,,,,,,,,,,,,,,,"1785 NE Sandy Blvd #300, Portland, OR 97232, United States"
O-00168,Ecology in Classrooms & Outdoors,,,,,,,,,,,,,,,,,,,,,,,,,,,,,,,,,,Cannot find address.
O-00169,Architecture Foundation of Oregon,,,,,,,,,,,,,,,,,,,,,,,,,,,,,,,,,,"111 SW 5th Ave suite 2400, Portland, OR 97204, United States"
O-00170,Rotary Club of Southeast Portland,,,,,,,,,,,,,,,,,,,,,,,,,,,,,,,,,,"1220 SW Morrison St #425, Portland, OR 97205, United States"
O-00171,With Love Oregon,,,,,,,,,,,,,,,,,,,,,,,,,,,,,,,,,,"14555 SW 74th Ave, Tigard, OR 97224, United States"
O-00172,Alzheimer's Association,,,,,,,,,,,,,,,,,,,,,,,,,,,,,,,,,,"1650 NW Naito Pkwy, Portland, OR 97209, United States"
O-00173,Helping Men Heal,,,,,,,,,,,,,,,,,,,,,,,,,,,,,,,,,,Cannot find address.
O-00174,Oregon Business Association,,,,,,,,,,,,,,,,,,,,,,,,,,,,,,,,,,"200 SW Market St L100, Portland, OR 97201, United States"
O-00175,Credit Union for kids,,,,,,,,,,,,,,,,,,,,,,,,,,,,,,,,,,"1300 SW 6th Ave, Portland, OR 97201, United States"
O-00176,Milwaukie High School,,,,,,,,,,,,,,,,,,,,,,,,,,,,,,,,,,"2301 SE Willard St, Milwaukie, OR 97222, United States"
O-00177,Little Boxes,,,,,,,,,,,,,,,,,,,,,,,,,,,,,,,,,,"748 Market St, Victoria, BC V8T 5K5, Canada"
O-00178,The Madeleine School,,,,,,,,,,,,,,,,,,,,,,,,,,,,,,,,,,"3240 NE 23rd Ave, Portland, OR 97212, United States"
O-00179,Greater Douglas County United Way,,,,,,,,,,,,,,,,,,,,,,,,,,,,,,,,,,"702 SE Jackson St, Roseburg, OR 97470, United States"
O-00180,Children's Miracle Network Hospitals,,,,,,,,,,,,,,,,,,,,,,,,,,,,,,,,,,"700 SW Campus Dr, Portland, OR 97239, United States"
O-00181,A Family for Every Child,,,,,,,,,,,,,,,,,,,,,,,,,,,,,,,,,,"1675 W 11th Ave, Eugene, OR 97402, United States"
O-00182,Arata Creek School,,,,,,,,,,,,,,,,,,,,,,,,,,,,,,,,,,"2470 SW Halsey St, Troutdale, OR 97060, United States"
O-00183,Family Kitchen,,,,,,,,,,,,,,,,,,,,,,,,,,,,,,,,,,"16147 SW Railroad St, Sherwood, OR 97140, United States"
O-00184,Friends of Outdoor School,,,,,,,,,,,,,,,,,,,,,,,,,,,,,,,,,,"11915 SW Foothill Dr, Portland, OR 97225, United States"
O-00185,Kukatonon Children's African Dance,,,,,,,,,,,,,,,,,,,,,,,,,,,,,,,,,,"6250 SW Capitol Hwy, Portland, OR 97239, United States"
O-00186,Miracle Theatre Group,,,,,,,,,,,,,,,,,,,,,,,,,,,,,,,,,,"525 SE Stark St, Portland, OR 97214, United States"
O-00187,Parent Child Preschools Organization,,,,,,,,,,,,,,,,,,,,,,,,,,,,,,,,,,"Tigard, OR 97281, United States"
O-00188,Together For Children,,,,,,,,,,,,,,,,,,,,,,,,,,,,,,,,,,"17257 Kent Rd, Sisters, OR 97759, United States"
O-00189,Woodlawn School,,,,,,,,,,,,,,,,,,,,,,,,,,,,,,,,,,"7200 NE 11th Ave, Portland, OR 97211, United States"
O-00190,Wilsonville Chamber of Commerce,,,,,,,,,,,,,,,,,,,,,,,,,,,,,,,,,,"8565 SW Salish Ln #150, Wilsonville, OR 97070, United States"
O-00191,Quota International of Central Oregon,,,,,,,,,,,,,,,,,,,,,,,,,,,,,,,,,,Cannot find address.
O-00192,Arco Iris Spanish Immersion School,,,,,,,,,,,,,,,,,,,,,,,,,,,,,,,,,,"1500 NW 185th Ave, Beaverton, OR 97006, United States"
O-00193,Black Educational Achievement Movement,,,,,,,,,,,,,,,,,,,,,,,,,,,,,,,,,,"3519 NE 15th Ave #392, Portland, OR 97212, United States"
O-00194,El Programa Hispano Catolico,,,,,,,,,,,,,,,,,,,,,,,,,,,,,,,,,,"333 SE 223rd Ave #100, Gresham, OR 97030, United States"
O-00195,Family Access Network,,,,,,,,,,,,,,,,,,,,,,,,,,,,,,,,,,"2125 NE Daggett Ln, Bend, OR 97701, United States"
O-00196,Food for Lane County,,,,,,,,,,,,,,,,,,,,,,,,,,,,,,,,,,"770 Bailey Hill Rd, Eugene, OR 97402, United States"
O-00197,Grant High School,,,,,,,,,,,,,,,,,,,,,,,,,,,,,,,,,,"2245 NE 36th Ave, Portland, OR 97212, United States"
O-00198,Mittleman Jewish Community Center,,,,,,,,,,,,,,,,,,,,,,,,,,,,,,,,,,"6651 SW Capitol Hwy, Portland, OR 97219, United States"
O-00199,Oregon College of Art and Craft,,,,,,,,,,,,,,,,,,,,,,,,,,,,,,,,,,"8245 SW Barnes Rd, Portland, OR 97225, United States"
O-00200,Oregon Head Start Association,,,,,,,,,,,,,,,,,,,,,,,,,,,,,,,,,,"9140 SW Pioneer Ct Suite E, Wilsonville, OR 97070, United States"
O-00201,Rex Putnam High School,,,,,,,,,,,,,,,,,,,,,,,,,,,,,,,,,,"4950 SE Roethe Rd, Milwaukie, OR 97267, United States"
O-00202,Sisters of the Road,,,,,,,,,,,,,,,,,,,,,,,,,,,,,,,,,,"133 NW 6th Ave, Portland, OR 97209, United States"
O-00203,Portland Youth Philharmonic,,,,,,,,,,,,,,,,,,,,,,,,,,,,,,,,,,"9320 SW Barbur Blvd #140, Portland, OR 97219, United States"
O-00204,Rivergate Elementary,,,,,,,,,,,,,,,,,,,,,,,,,,,,,,,,,,"1505 Rivergate School Rd, Gladstone, OR 97027, United States"
O-00205,Young Audiences,,,,,,,,,,,,,,,,,,,,,,,,,,,,,,,,,,"1220 SW Morrison St #1000, Portland, OR 97205, United States"
O-00206,Credit Union House,,,,,,,,,,,,,,,,,,,,,,,,,,,,,,,,,,"1300 SW 6th Ave, Portland, OR 97201, United States"
O-00207,Oregon Food Bank,,,,,,,,,,,,,,,,,,,,,,,,,,,,,,,,,,"7900 NE 33rd Dr, Portland, OR 97211, United States"
O-00208,Sunshine Division,,,,,,,,,,,,,,,,,,,,,,,,,,,,,,,,,,"687 N Thompson St, Portland, OR 97227, United States"
O-00209,Community Warehouse,,,,,,,,,,,,,,,,,,,,,,,,,,,,,,,,,,"3961 NE Martin Luther King Jr Blvd, Portland, OR 97212, United States"
O-00210,Educate Ya,,,,,,,,,,,,,,,,,,,,,,,,,,,,,,,,,,"200 NE 20th Ave # 10 #10, Portland, OR 97232, United States"
O-00211,Encore Senior Players,,,,,,,,,,,,,,,,,,,,,,,,,,,,,,,,,,"2201 SW Vermont St, Portland, OR 97219, United States"
O-00212,Portland Youth Builders,,,,,,,,,,,,,,,,,,,,,,,,,,,,,,,,,,"4816 SE 92nd Ave, Portland, OR 97266, United States"
O-00213,SnowCap Community Charities,,,,,,,,,,,,,,,,,,,,,,,,,,,,,,,,,,"Donation drop off of food & clothing accepted MON-FRI 10am - 3pm at, 17788 SE Pine St, Portland, OR 97233, United States"
O-00214,Bolton Primary School PTA,,,,,,,,,,,,,,,,,,,,,,,,,,,,,,,,,,"5933 Holmes St, West Linn, OR 97068, United States"
O-00215,CODA Inc,,,,,,,,,,,,,,,,,,,,,,,,,,,,,,,,,,"1027 E Burnside St, Portland, OR 97214, United States"
O-00216,Jim Bridger School,,,,,,,,,,,,,,,,,,,,,,,,,,,,,,,,,,"7910 SE Market St #3656, Portland, OR 97215, United States"
O-00217,Markham Elementary School PTA,,,,,,,,,,,,,,,,,,,,,,,,,,,,,,,,,,"10531 SW Capitol Hwy, Portland, OR 97219, United States"
O-00218,"Lay It Out, Inc.",,,,,,,,,,,,,,,,,,,,,,,,,,,,,,,,,,"704 NW Georgia Ave, Bend, OR 97703, United States"
O-00219,Vietnamese Community of Oregon (VNCO),,,,,,,,,,,,,,,,,,,,,,,,,,,,,,,,,,"2448 SE 89th Ave #3b, Portland, OR 97216, United States"
O-00220,Classic Wines Auction,,,,,,,,,,,,,,,,,,,,,,,,,,,,,,,,,,"919 NE 19th Ave #160, Portland, OR 97232, United States"
O-00222,Mt. Hood Community College,,,,,,,,,,,,,,,,,,,,,,,,,,,,,,,,,,"26000 SE Stark St, Gresham, OR 97030, United States"
O-00223,Wilsonville Rotary Club,,,,,,,,,,,,,,,,,,,,,,,,,,,,,,,,,,"25100 SW Parkway Ave, Wilsonville, OR 97070, United States"
O-00224,PCC Foundation,,,,,,,,,,,,,,,,,,,,,,,,,,,,,,,,,,"12000 SW 49th Ave, Portland, OR 97219, United States"
O-00225,IMG College LLC,,,,,,,,,,,,,,,,,,,,,,,,,,,,,,,,,,Cannot find address.
O-00226,RMLS,,,,,,,,,,,,,,,,,,,,,,,,,,,,,,,,,,"16101 SW 72nd Ave #200, Portland, OR 97224, United States"
O-00228,East Metro Association of Realtors,,,,,,,,,,,,,,,,,,,,,,,,,,,,,,,,,,"501 NE Hood Ave #210, Gresham, OR 97030, United States"
O-00230,Portland Parks & Recreation,,,,,,,,,,,,,,,,,,,,,,,,,,,,,,,,,,"1120 SW 5th Ave UNIT 1302, Portland, OR 97204, United States"
O-00231,Doernbecher Children's Hospital,,,,,,,,,,,,,,,,,,,,,,,,,,,,,,,,,,"Doernbecher Children's Hospital, 700 SW Campus Dr, Portland, OR 97239, United States"
O-00232,Bicoastal Media,,,,,,,,,,,,,,,,,,,,,,,,,,,,,,,,,,"1130 14th Ave, Longview, WA 98632, United States"
O-00234,IQ for Kids,,,,,,,,,,,,,,,,,,,,,,,,,,,,,,,,,,Cannot find address.
O-00235,Unitus Community Credit Union,,,,,,,,,,,,,,,,,,,,,,,,,,,,,,,,,,"1300 SW 6th Ave, Portland, OR 97201, United States"
O-00236,City of Portland,,,,,,,,,,,,,,,,,,,,,,,,,,,,,,,,,,"1221 SW 4th Ave #110, Portland, OR 97204, United States"
O-00238,Beaver Sports Properties,,,,,,,,,,,,,,,,,,,,,,,,,,,,,,,,,,"555 SW Morrison St Suite 200, Portland, OR 97204, United States"
O-00239,Portland Business Journal,,,,,,,,,,,,,,,,,,,,,,,,,,,,,,,,,,"851 SW 6th Ave #500, Portland, OR 97204, United States"
O-00240,OREGON WOMEN IN HIGHER EDUCATION,,,,,,,,,,,,,,,,,,,,,,,,,,,,,,,,,,"1825 SW Broadway Dr Suite 439, Portland, OR 97201, United States"
O-00241,Bend-La Pine School District,,,,,,,,,,,,,,,,,,,,,,,,,,,,,,,,,,"520 NW Wall St, Bend, OR 97703, United States"
O-00242,CHILD WELFARE DHS,,,,,,,,,,,,,,,,,,,,,,,,,,,,,,,,,,"1425 NE Irving St Suite. 400, Portland, OR 97232, United States"
O-00243,CLEVELAND HIGH SCHOOL PTA,,,,,,,,,,,,,,,,,,,,,,,,,,,,,,,,,,"3400 SE 26th Ave, Portland, OR 97202, United States"
O-00244,ENDEAVOUR ELEMENTARY PARENT TEACHER,,,,,,,,,,,,,,,,,,,,,,,,,,,,,,,,,,"2701 NE 4 Seasons Ln, Vancouver, WA 98684, United States"
O-00245,LUTHERAN COMMUNITY SERVICES NW,,,,,,,,,,,,,,,,,,,,,,,,,,,,,,,,,,"605 SE Cesar Estrada Chavez Blvd, Portland, OR 97214, United States"
O-00246,REX PUTNAM MUSIC BOOSTERS,,,,,,,,,,,,,,,,,,,,,,,,,,,,,,,,,,"4950 SE Roethe Rd, Milwaukie, OR 97267, United States"
O-00247,SUPPORTERS OF THE HILLSBORO,,,,,,,,,,,,,,,,,,,,,,,,,,,,,,,,,,Cannot find address.
O-00248,WILSONVILLE ROTARY FOUNDATION,,,,,,,,,,,,,,,,,,,,,,,,,,,,,,,,,,"25100 SW Parkway Ave, Wilsonville, OR 97070, United States"
O-00249,IMG College,,,,,,,,,,,,,,,,,,,,,,,,,,,,,,,,,,"2400 Dallas Pkwy # 500, Plano, TX 75093, United States"
O-00250,CAMP UKANDU,,,,,,,,,,,,,,,,,,,,,,,,,,,,,,,,,,"Moda Tower, 601 SW 2nd Ave #2300, Portland, OR 97204, United States"
O-00251,COLLEGE POSSIBLE,,,,,,,,,,,,,,,,,,,,,,,,,,,,,,,,,,"532 SE Grand Ave, Portland, OR 97214, United States"
O-00252,CORBETT EDUCATION FOUNDATION,,,,,,,,,,,,,,,,,,,,,,,,,,,,,,,,,,"35800 Historic Columbia River Hwy, Corbett, OR 97019, United States"
O-00253,David Douglas Educational Foundation,,,,,,,,,,,,,,,,,,,,,,,,,,,,,,,,,,"1001 SE 135th Ave, Portland, OR 97233, United States"
O-00254,HUNGER FOR SUCCESS,,,,,,,,,,,,,,,,,,,,,,,,,,,,,,,,,,Cannot find address.
O-00255,Jennings Lodge/ Candy Lane PTA,,,,,,,,,,,,,,,,,,,,,,,,,,,,,,,,,,"5901 SE Hull Ave, Milwaukie, OR 97267, United States"
O-00256,LANE ARTS COUNCIL,,,,,,,,,,,,,,,,,,,,,,,,,,,,,,,,,,"1590 Willamette St STE 200, Eugene, OR 97401, United States"
O-00257,Parenting Now!,,,,,,,,,,,,,,,,,,,,,,,,,,,,,,,,,,"86 Centennial Loop, Eugene, OR 97401, United States"
O-00258,RUSSELL ELEMENTARY SCHOOL,,,,,,,,,,,,,,,,,,,,,,,,,,,,,,,,,,"2700 NE 127th Ave, Portland, OR 97230, United States"
O-00259,THE ROSEWOOD INITIATIVE,,,,,,,,,,,,,,,,,,,,,,,,,,,,,,,,,,"16126 SE Stark St, Portland, OR 97233, United States"
O-00260,OREGON FBLA,,,,,,,,,,,,,,,,,,,,,,,,,,,,,,,,,,"1912 Association Dr, Reston, VA 20191, United States"
O-00261,DEFENDERS OF FREEDOM,,,,,,,,,,,,,,,,,,,,,,,,,,,,,,,,,,"320 TX-121 #208, Coppell, TX 75019, United States"
O-00262,Financial Beginnings Corporation,,,,,,,,,,,,,,,,,,,,,,,,,,,,,,,,,,"1326 SW 12th Ave STE 300, Portland, OR 97201, United States"
O-00263,De La Salle North Catholic High School,,,,,,,,,,,,,,,,,,,,,,,,,,,,,,,,,,"7528 N Fenwick Ave, Portland, OR 97217, United States"
O-00264,ATKINSON ELEMENTARY PTA,,,,,,,,,,,,,,,,,,,,,,,,,,,,,,,,,,"5800 SE Division St, Portland, OR 97206, United States"
O-00265,BEAUMONT MIDDLE SCHOOL FOUNDATION,,,,,,,,,,,,,,,,,,,,,,,,,,,,,,,,,,"4043 NE Fremont St, Portland, OR 97212, United States"
O-00266,ELEVATE OREGON,,,,,,,,,,,,,,,,,,,,,,,,,,,,,,,,,,"12215 NE Marx St, Portland, OR 97230, United States"
O-00267,HIGHLAND ELEMENTARY PTC,,,,,,,,,,,,,,,,,,,,,,,,,,,,,,,,,,"295 NE 24th St, Gresham, OR 97030, United States"
O-00268,McMinnville Area Chamber of Commerce,,,,,,,,,,,,,,,,,,,,,,,,,,,,,,,,,,"417 NE Adams St, McMinnville, OR 97128, United States"
O-00269,Rebuilding Together Portland,,,,,,,,,,,,,,,,,,,,,,,,,,,,,,,,,,"5000 N Willamette Blvd, Portland, OR 97203, United States"
O-00270,Wilson High School,,,,,,,,,,,,,,,,,,,,,,,,,,,,,,,,,,"1151 SW Vermont St, Portland, OR 97219, United States"
O-00271,Hillsboro Chamber of Commerce,,,,,,,,,,,,,,,,,,,,,,,,,,,,,,,,,,"5193 NE Elam Young Pkwy suite a, Hillsboro, OR 97124, United States"
O-00272,Big Brothers Big Sisters of Central,,,,,,,,,,,,,,,,,,,,,,,,,,,,,,,,,,"412 SW 8th St #2209, Redmond, OR 97756, United States"
O-00273,Boys and Girls Aid,,,,,,,,,,,,,,,,,,,,,,,,,,,,,,,,,,"9320 SW Barbur Blvd #200, Portland, OR 97219, United States"
O-00274,David Douglas Arthur Academy,,,,,,,,,,,,,,,,,,,,,,,,,,,,,,,,,,"13717 SE Division St, Portland, OR 97236, United States"
O-00275,Farmington View Parents for Academic,,,,,,,,,,,,,,,,,,,,,,,,,,,,,,,,,,"8300 SW Hillsboro Hwy, Hillsboro, OR 97123, United States"
O-00276,Willamette West Habitat for Humanity,,,,,,,,,,,,,,,,,,,,,,,,,,,,,,,,,,"5293 NE Elam Young Pkwy # 140, Hillsboro, OR 97124, United States"
O-00277,Jericho Road,,,,,,,,,,,,,,,,,,,,,,,,,,,,,,,,,,"205 NW 4th St, Redmond, OR 97756, United States"
O-00278,John McLoughlin Elementary School,,,,,,,,,,,,,,,,,,,,,,,,,,,,,,,,,,"19230 South End Rd, Oregon City, OR 97045, United States"
O-00279,Rahab's Sister,,,,,,,,,,,,,,,,,,,,,,,,,,,,,,,,,,"247 SE 82nd Ave, Portland, OR 97215, United States"
O-00280,Ridgewood Elementary School PTC,,,,,,,,,,,,,,,,,,,,,,,,,,,,,,,,,,"10100 SW Inglewood St, Portland, OR 97225, United States"
O-00281,Senior Citizens Council of Clackamas,,,,,,,,,,,,,,,,,,,,,,,,,,,,,,,,,,"812 7th St, Oregon City, OR 97045, United States"
O-00282,Volunteers of America Family Relief,,,,,,,,,,,,,,,,,,,,,,,,,,,,,,,,,,"234 SE 7th Ave, Portland, OR 97214, United States"
O-00283,BEYOND BACKPACKS,,,,,,,,,,,,,,,,,,,,,,,,,,,,,,,,,,Cannot find address.
O-00284,The Dougy Center,,,,,,,,,,,,,,,,,,,,,,,,,,,,,,,,,,"3909 SE 52nd Ave, Portland, OR 97206, United States"
O-00285,Foundation for Tigard Tualatin Schools,,,,,,,,,,,,,,,,,,,,,,,,,,,,,,,,,,"6960 SW Sandburg St, Tigard, OR 97223, United States"
O-00286,Portland-Kaohsiung Sister City Assoc,,,,,,,,,,,,,,,,,,,,,,,,,,,,,,,,,,Cannot find address.
O-00287,"Dress for Success of Oregon, Inc.",,,,,,,,,,,,,,,,,,,,,,,,,,,,,,,,,,"1532 NE 37th Ave, Portland, OR 97232, United States"
O-00288,Hacienda Community Development Corp,,,,,,,,,,,,,,,,,,,,,,,,,,,,,,,,,,"6700 NE Killingsworth St, Portland, OR 97218, United States"
O-00289,AAUW OF OREGON SPECIAL PROJECTS FUND,,,,,,,,,,,,,,,,,,,,,,,,,,,,,,,,,,Cannot find address.
O-00290,COMMUNITY OF HOPE,,,,,,,,,,,,,,,,,,,,,,,,,,,,,,,,,,"8911 N Leonard St, Portland, OR 97203, United States"
O-00291,MOUNT SCOTT ELEMENTARY SCHOOL,,,,,,,,,,,,,,,,,,,,,,,,,,,,,,,,,,"11201 SE Stevens Rd, Happy Valley, OR 97086, United States"
O-00292,North Clackamas School District,,,,,,,,,,,,,,,,,,,,,,,,,,,,,,,,,,"12400 SE Freeman Way, Milwaukie, OR 97222, United States"
O-00293,PORTLAND CHILD ART STUDIO,,,,,,,,,,,,,,,,,,,,,,,,,,,,,,,,,,"1819 NW Everett St, Portland, OR 97209, United States"
O-00294,SINGING CREEK EDUCATIONAL CENTER,,,,,,,,,,,,,,,,,,,,,,,,,,,,,,,,,,"97748, 92194 Purkerson Rd, Junction City, OR 97448, United States"
O-00295,SOUTHEAST UPLIFT,,,,,,,,,,,,,,,,,,,,,,,,,,,,,,,,,,"3534 SE Main St, Portland, OR 97214, United States"
O-00296,TUCKER MAXON SCHOOL,,,,,,,,,,,,,,,,,,,,,,,,,,,,,,,,,,"2860 SE Holgate Blvd, Portland, OR 97202, United States"
O-00297,FOOD BY DESIGN,,,,,,,,,,,,,,,,,,,,,,,,,,,,,,,,,,"4837 NE Couch St, Portland, OR 97213, United States"
O-00298,Arthritis Foundation,,,,,,,,,,,,,,,,,,,,,,,,,,,,,,,,,,"4145 SW Watson Ave #350, Beaverton, OR 97005, United States"
O-00299,Bienestar,,,,,,,,,,,,,,,,,,,,,,,,,,,,,,,,,,"6736 NE Killingsworth St, Portland, OR 97218, United States"
O-00300,CASA OF LANE COUNTY,,,,,,,,,,,,,,,,,,,,,,,,,,,,,,,,,,"174 Deadmond Ferry Rd, Springfield, OR 97477, United States"
O-00301,Chief Joseph Elementary PTA,,,,,,,,,,,,,,,,,,,,,,,,,,,,,,,,,,"2409 N Saratoga St, Portland, OR 97217, United States"
O-00302,Oregon Children's Theatre,,,,,,,,,,,,,,,,,,,,,,,,,,,,,,,,,,"1939 NE Sandy Blvd, Portland, OR 97232, United States"
O-00303,Timberwolf Support Organization,,,,,,,,,,,,,,,,,,,,,,,,,,,,,,,,,,Cannot find address.
O-00304,VERN PATRICK ELEMENTARY SCHOOL,,,,,,,,,,,,,,,,,,,,,,,,,,,,,,,,,,"3001 SW Obsidian Ave, Redmond, OR 97756, United States"
O-00305,BEAVERTON DOWNTOWN ASSOCIATION,,,,,,,,,,,,,,,,,,,,,,,,,,,,,,,,,,"12625 SW Broadway St, Beaverton, OR 97005, United States"
O-00306,Hillsdale Business & Professional,,,,,,,,,,,,,,,,,,,,,,,,,,,,,,,,,,Cannot find address.
O-00307,Clackamas County Council of PTAs,,,,,,,,,,,,,,,,,,,,,,,,,,,,,,,,,,"3108 A SE 50th Ave, Portland, OR 97206, United States"
O-00308,SUNRISE ROTARY FOUNDATION,,,,,,,,,,,,,,,,,,,,,,,,,,,,,,,,,,"15815 SE 82nd Dr, Clackamas, OR 97015, United States"
O-00309,PP&R Multi-Park Concerts,,,,,,,,,,,,,,,,,,,,,,,,,,,,,,,,,,"1120 SW 5th Ave UNIT 1302, Portland, OR 97204, United States"
O-00310,National Alliance on Mental Illness,,,,,,,,,,,,,,,,,,,,,,,,,,,,,,,,,,"4701 SE 24th Ave # E, Portland, OR 97202, United States"
O-00311,Humane Society for Southwest Washington,,,,,,,,,,,,,,,,,,,,,,,,,,,,,,,,,,"1100 NE 192nd Ave, Vancouver, WA 98684, United States"
O-00312,FAMILY AND COMMUNITY TOGETHER OREGON,,,,,,,,,,,,,,,,,,,,,,,,,,,,,,,,,,"2475 SE Ladd Ave, Portland, OR 97214, United States"
O-00313,West Columbia Gorge Chamber of Commerce,,,,,,,,,,,,,,,,,,,,,,,,,,,,,,,,,,"107 E Historic Columbia River Hwy, Troutdale, OR 97060, United States"
O-00314,Portland Police Bureau Sunshine Division,,,,,,,,,,,,,,,,,,,,,,,,,,,,,,,,,,"687 N Thompson St, Portland, OR 97227, United States"
O-00315,PlayOn Organization,,,,,,,,,,,,,,,,,,,,,,,,,,,,,,,,,,Cannot find address.
O-00316,Oak Grove Historic Trolley Trail Association,,,,,,,,,,,,,,,,,,,,,,,,,,,,,,,,,,"Trolley Trail, Oak Grove, OR 97267, USA"
O-00317,Oak Grove Elementary,,,,,,,,,,,,,,,,,,,,,,,,,,,,,,,,,,"2150 SE Torbank Rd, Portland, OR 97222, United States"
O-00318,Full Circle Programs,,,,,,,,,,,,,,,,,,,,,,,,,,,,,,,,,,"15995 SW 74th Ave, Tigard, OR 97224, United States"
O-00319,Family of Friends Mentoring,,,,,,,,,,,,,,,,,,,,,,,,,,,,,,,,,,"1333 NW Eastman Pkwy, Gresham, OR 97030, United States"
O-00320,Wi-Ne-Ma Christian Camp,,,,,,,,,,,,,,,,,,,,,,,,,,,,,,,,,,"5195 Wi Ne Ma Rd, Cloverdale, OR 97112, United States"
O-00321,Portland Community ToolBank,,,,,,,,,,,,,,,,,,,,,,,,,,,,,,,,,,"6424 NE 59th Pl, Portland, OR 97218, United States"
O-00322,Oregon Science Teachers Association,,,,,,,,,,,,,,,,,,,,,,,,,,,,,,,,,,"The UPS Store in Portland, OR, USA, 4110 SE Hawthorne Blvd, Portland, OR 97214, United States"
O-00323,Ecumenical Ministries of Oregon,,,,,,,,,,,,,,,,,,,,,,,,,,,,,,,,,,"0245 SW Bancroft St B, Portland, OR 97239, United States"
O-00324,Assistance League of Bend,,,,,,,,,,,,,,,,,,,,,,,,,,,,,,,,,,"210 SE Urania Ln, Bend, OR 97702, United States"
O-00325,Houston Food Bank,,,,,,,,,,,,,,,,,,,,,,,,,,,,,,,,,,"535 Portwall St, Houston, TX 77029, United States"
O-00326,Portland Chamber Music,,,,,,,,,,,,,,,,,,,,,,,,,,,,,,,,,,"3519 NE 15th Ave #239, Portland, OR 97212, United States"
O-00327,Northwest Housing Alternatives,,,,,,,,,,,,,,,,,,,,,,,,,,,,,,,,,,"2316 SE Willard St, Milwaukie, OR 97222, United States"
O-00328,High Lakes Elementary School,,,,,,,,,,,,,,,,,,,,,,,,,,,,,,,,,,"2500 NW High Lakes Loop, Bend, OR 97701, United States"
O-00329,HEALTHY MOVES,,,,,,,,,,,,,,,,,,,,,,,,,,,,,,,,,,"115 W 8th Ave #216, Eugene, OR 97401, United States"
O-00330,GUARDIAN PARTNERS,,,,,,,,,,,,,,,,,,,,,,,,,,,,,,,,,,"10814 NE Halsey St, Portland, OR 97220, United States"
O-00331,Clark County Food Bank,,,,,,,,,,,,,,,,,,,,,,,,,,,,,,,,,,"6502 NE 47th Ave, Vancouver, WA 98661, United States"
O-00332,Yamhill Community Action Partnership aka YCAP,,,,,,,,,,,,,,,,,,,,,,,,,,,,,,,,,,"1317 NE Dustin Ct, McMinnville, OR 97128, United States"
O-00333,Skyview High School Vocal Music Parents Assoc.,,,,,,,,,,,,,,,,,,,,,,,,,,,,,,,,,,"1300 NW 139th St, Vancouver, WA 98685, United States"
O-00334,Schoolyard Farms,,,,,,,,,,,,,,,,,,,,,,,,,,,,,,,,,,"5901 SE Hull Ave, Milwaukie, OR 97267, United States"
O-00335,Reading Results,,,,,,,,,,,,,,,,,,,,,,,,,,,,,,,,,,"3115 NE Sandy Blvd #229, Portland, OR 97232, United States"
O-00336,McMinnville Music Boosters,,,,,,,,,,,,,,,,,,,,,,,,,,,,,,,,,,"615 NE 15th St, McMinnville, OR 97128, United States"
O-00337,Jim Pepper Native Arts Festival,,,,,,,,,,,,,,,,,,,,,,,,,,,,,,,,,,Cannot find address.
O-00338,Little Boxes LLC,,,,,,,,,,,,,,,,,,,,,,,,,,,,,,,,,,Cannot find address.
O-00339,YOUNG CREDIT UNION PROFESSIONALS,,,,,,,,,,,,,,,,,,,,,,,,,,,,,,,,,,"13221 SW 68th Pkwy #400, Tigard, OR 97223, United States"
O-00340,Sarah J. Anderson Elementary School,,,,,,,,,,,,,,,,,,,,,,,,,,,,,,,,,,"2215 NE 104th St #5641, Vancouver, WA 98686, United States"
O-00341,ROSE HAVEN,,,,,,,,,,,,,,,,,,,,,,,,,,,,,,,,,,"627 NW 18th Ave, Portland, OR 97209, United States"
O-00342,Rogue Pack,,,,,,,,,,,,,,,,,,,,,,,,,,,,,,,,,,Cannot find address.
O-00343,Oregon Symphony Association,,,,,,,,,,,,,,,,,,,,,,,,,,,,,,,,,,"909 SW Washington St, Portland, OR 97205, United States"
O-00344,METROPOLITAN YOUTH SYMPHONY,,,,,,,,,,,,,,,,,,,,,,,,,,,,,,,,,,"4800 SW Macadam Ave, Portland, OR 97239, United States"
O-00345,GROUT ELEMENTARY PTA,,,,,,,,,,,,,,,,,,,,,,,,,,,,,,,,,,"3119 SE Holgate Blvd, Portland, OR 97202, United States"
O-00346,"Gleaners Of Clackamas County, Inc.",,,,,,,,,,,,,,,,,,,,,,,,,,,,,,,,,,"13821 Fir St, Oregon City, OR 97045, United States"
O-00347,Gaiser Middle School Art Department,,,,,,,,,,,,,,,,,,,,,,,,,,,,,,,,,,"3000 NE 99th St, Vancouver, WA 98665, United States"
O-00348,Family Access Network Foundation,,,,,,,,,,,,,,,,,,,,,,,,,,,,,,,,,,"2125 NE Daggett Ln, Bend, OR 97701, United States"
O-00349,Clark County Children's Sharing Project,,,,,,,,,,,,,,,,,,,,,,,,,,,,,,,,,,Cannot find address.
O-00350,Americares,,,,,,,,,,,,,,,,,,,,,,,,,,,,,,,,,,"4350 SW Cedar Hills Blvd b, Beaverton, OR 97005, United States"
O-00351,The Nature Conservancy,,,,,,,,,,,,,,,,,,,,,,,,,,,,,,,,,,"821 SE 14th Ave, Portland, OR 97214, United States"
O-00352,Vietnamese Community of Clark County,,,,,,,,,,,,,,,,,,,,,,,,,,,,,,,,,,"6000 E 4th Plain Blvd, Vancouver, WA 98661, United States"
O-00353,World Stage Theatre,,,,,,,,,,,,,,,,,,,,,,,,,,,,,,,,,,"128 NW 11th Ave, Portland, OR 97209, United States"
O-00354,Northwest Family Services,,,,,,,,,,,,,,,,,,,,,,,,,,,,,,,,,,"6200 SE King Rd, Portland, OR 97222, United States"
O-00355,MountainStar Family Relief Nursery,,,,,,,,,,,,,,,,,,,,,,,,,,,,,,,,,,"2125 NE Daggett Ln, Bend, OR 97701, United States"
O-00356,Mountain View High School Robotics,,,,,,,,,,,,,,,,,,,,,,,,,,,,,,,,,,"3535 Truman Ave, Mountain View, CA 94040, United States"
O-00357,Grant High School Band,,,,,,,,,,,,,,,,,,,,,,,,,,,,,,,,,,"2245 NE 36th Ave, Portland, OR 97212, United States"
O-00358,Cascade Heights Public Charter School,,,,,,,,,,,,,,,,,,,,,,,,,,,,,,,,,,"15301 SE 92nd Ave, Clackamas, OR 97015, United States"
O-00359,Friends of the Children,,,,,,,,,,,,,,,,,,,,,,,,,,,,,,,,,,"44 NE Morris St #3015, Portland, OR 97212, United States"
O-00360,HEALING REINS THERAPEUTIC RIDING CENTER,,,,,,,,,,,,,,,,,,,,,,,,,,,,,,,,,,"60575 Billadeau Rd, Bend, OR 97702, United States"
O-00361,"Serendipity Center, Inc.",,,,,,,,,,,,,,,,,,,,,,,,,,,,,,,,,,"14815 SE Division St, Portland, OR 97236, United States"
O-00362,Franklin High School Foundation,,,,,,,,,,,,,,,,,,,,,,,,,,,,,,,,,,"5405 SE Woodward St, Portland, OR 97206, United States"
O-00363,Multnomah Play School,,,,,,,,,,,,,,,,,,,,,,,,,,,,,,,,,,"5500 SW Dosch Rd, Portland, OR 97239, United States"
O-00364,Marist High School,,,,,,,,,,,,,,,,,,,,,,,,,,,,,,,,,,"1900 Kingsley Rd, Eugene, OR 97401, United States"
O-00365,World Muse,,,,,,,,,,,,,,,,,,,,,,,,,,,,,,,,,,"540 NW Congress St, Bend, OR 97701, United States"
O-00366,Oregon Potters Association,,,,,,,,,,,,,,,,,,,,,,,,,,,,,,,,,,"4614 SE Salmon St, Portland, OR 97215, United States"
O-00367,Bolton Primary PTA,,,,,,,,,,,,,,,,,,,,,,,,,,,,,,,,,,"5933 Holmes St, West Linn, OR 97068, United States"
O-00368,YOUNG AUDIENCES OF OREGON AND,,,,,,,,,,,,,,,,,,,,,,,,,,,,,,,,,,"1220 SW Morrison St #1000, Portland, OR 97205, United States"
O-00369,FAUBION ELEMENTARY SCHOOL PTA,,,,,,,,,,,,,,,,,,,,,,,,,,,,,,,,,,"2930 NE Dekum St, Portland, OR 97211, United States"
O-00370,Happy Valley Elementary School PTO,,,,,,,,,,,,,,,,,,,,,,,,,,,,,,,,,,"13865 SE King Rd # A, Happy Valley, OR 97086, United States"
O-00371,"See Ya Later Foundation, Inc.",,,,,,,,,,,,,,,,,,,,,,,,,,,,,,,,,,"1301 NW Michelbook Ln, McMinnville, OR 97128, United States"
O-00372,Pan African Festival of Oregon,,,,,,,,,,,,,,,,,,,,,,,,,,,,,,,,,,"3426 SW Arnold St, Portland, OR 97219, United States"
O-00373,Financial Beginnings,,,,,,,,,,,,,,,,,,,,,,,,,,,,,,,,,,"1326 SW 12th Ave STE 300, Portland, OR 97201, United States"
O-00374,"Deschutes Family Recovery, Inc.",,,,,,,,,,,,,,,,,,,,,,,,,,,,,,,,,,"1900 NE 3rd St, Bend, OR 97701, United States"
O-00375,LOWRIE PRIMARY PTA,,,,,,,,,,,,,,,,,,,,,,,,,,,,,,,,,,"28995 SW Brown Rd, Wilsonville, OR 97070, United States"
O-00376,SHAVER ELEMENTARY SCHOOL,,,,,,,,,,,,,,,,,,,,,,,,,,,,,,,,,,"3701 NE 131st Pl, Portland, OR 97230, United States"
O-00377,"Central Oregon Council on Aging, Inc.",,,,,,,,,,,,,,,,,,,,,,,,,,,,,,,,,,"373 NE Greenwood Ave, Bend, OR 97701, United States"
O-00378,Creston School PTA,,,,,,,,,,,,,,,,,,,,,,,,,,,,,,,,,,"4701 SE Bush St, Portland, OR 97206, United States"
O-00379,Rosedale Parent Group,,,,,,,,,,,,,,,,,,,,,,,,,,,,,,,,,,"3901 SE 67th Ave, Hillsboro, OR 97078, United States"
O-00380,Oregon National Guard Charitable Education Fund,,,,,,,,,,,,,,,,,,,,,,,,,,,,,,,,,,Cannot find address.
O-00381,East Gresham Elementary,,,,,,,,,,,,,,,,,,,,,,,,,,,,,,,,,,"900 SE 5th St, Gresham, OR 97080, United States"
O-00382,Walnut Grove Elementary PTA,,,,,,,,,,,,,,,,,,,,,,,,,,,,,,,,,,"6103 NE 72nd Ave #1998, Vancouver, WA 98661, United States"
O-00383,Family Resource Center of Central Oregon,,,,,,,,,,,,,,,,,,,,,,,,,,,,,,,,,,"1130 NW Harriman St B, Bend, OR 97701, United States"
O-00384,Feed the Hungry Inc.,,,,,,,,,,,,,,,,,,,,,,,,,,,,,,,,,,"323 W Harden St, Graham, NC 27253, United States"
O-00385,The Children's Book Bank,,,,,,,,,,,,,,,,,,,,,,,,,,,,,,,,,,"1915 NE 7th Ave, Portland, OR 97212, United States"
O-00386,St. Johns Center for Opportunity,,,,,,,,,,,,,,,,,,,,,,,,,,,,,,,,,,"7302 N Richmond Ave, Portland, OR 97203, United States"
O-00387,Looking Glass Community Services,,,,,,,,,,,,,,,,,,,,,,,,,,,,,,,,,,"1790 W 11th Ave #200, Eugene, OR 97402, United States"
O-00388,Rock'n Rooms,,,,,,,,,,,,,,,,,,,,,,,,,,,,,,,,,,"836 N Russell St, Portland, OR 97227, United States"
O-00389,Chamber Music Northwest,,,,,,,,,,,,,,,,,,,,,,,,,,,,,,,,,,"2300 SW 1st Ave #103, Portland, OR 97201, United States"
O-00390,Community Energy Project,,,,,,,,,,,,,,,,,,,,,,,,,,,,,,,,,,"2705 E Burnside St Suite 112, Portland, OR 97214, United States"
O-00391,Micro Enterprise Services of Oregon,,,,,,,,,,,,,,,,,,,,,,,,,,,,,,,,,,"4008 NE Martin Luther King Jr Blvd, Portland, OR 97212, United States"
O-00392,Saving Grace Maternity Home,,,,,,,,,,,,,,,,,,,,,,,,,,,,,,,,,,Cannot find address.
O-00393,The Living Room,,,,,,,,,,,,,,,,,,,,,,,,,,,,,,,,,,"341 SW 10th Ave, Portland, OR 97205, United States"
O-00394,All Hands Raised,,,,,,,,,,,,,,,,,,,,,,,,,,,,,,,,,,"2069 NE Hoyt St, Portland, OR 97232, United States"
O-00395,HARPER'S PLAYGROUND,,,,,,,,,,,,,,,,,,,,,,,,,,,,,,,,,,"Arbor Lodge Park Path, Portland, OR 97217, United States"
O-00396,First Book Portland,,,,,,,,,,,,,,,,,,,,,,,,,,,,,,,,,,"6750 SW Franklin St b, Portland, OR 97223, United States"
O-00397,Fort Vancouver Rose Society,,,,,,,,,,,,,,,,,,,,,,,,,,,,,,,,,,"1501 E Evergreen Blvd, Vancouver, WA 98661, United States"
O-00398,Pathfinders Of Oregon,,,,,,,,,,,,,,,,,,,,,,,,,,,,,,,,,,"2501 SW 1st Ave #300, Portland, OR 97201, United States"
O-00399,Woodstock Stakeholders Group,,,,,,,,,,,,,,,,,,,,,,,,,,,,,,,,,,Cannot find address.
O-00400,Bikes for Humanity PDX,,,,,,,,,,,,,,,,,,,,,,,,,,,,,,,,,,"3366 SE Powell Blvd, Portland, OR 97202, United States"
O-00401,Clif Dias Scholarship,,,,,,,,,,,,,,,,,,,,,,,,,,,,,,,,,,Cannot find address.
O-00402,Friends of the Hillsboro Community Senior Center,,,,,,,,,,,,,,,,,,,,,,,,,,,,,,,,,,"750 SE 8th Ave, Hillsboro, OR 97123, United States"
O-00403,Montavilla Jazz Festival,,,,,,,,,,,,,,,,,,,,,,,,,,,,,,,,,,"9003 SE Stark St, Portland, OR 97216, United States"
O-00404,The 4th Dimension Recovery Center,,,,,,,,,,,,,,,,,,,,,,,,,,,,,,,,,,"3807 NE Martin Luther King Jr Blvd, Portland, OR 97212, United States"
O-00405,The Family Room,,,,,,,,,,,,,,,,,,,,,,,,,,,,,,,,,,"5433 NE 30th Ave, Portland, OR 97218, United States"
O-00406,Worldwide Foundation for Credit Unions,,,,,,,,,,,,,,,,,,,,,,,,,,,,,,,,,,Cannot find address.
O-00407,JOIN,,,,,,,,,,,,,,,,,,,,,,,,,,,,,,,,,,"1435 NE 81st Ave #100, Portland, OR 97213, United States"
O-00408,VERN PATRICK COMMUNITY SCHOOL,,,,,,,,,,,,,,,,,,,,,,,,,,,,,,,,,,"3001 SW Obsidian Ave, Redmond, OR 97756, United States"
O-00409,Adelante Mujeres,,,,,,,,,,,,,,,,,,,,,,,,,,,,,,,,,,"2030 Main St suite a, Forest Grove, OR 97116, United States"
O-00410,Boys & Girls Club of Bend,,,,,,,,,,,,,,,,,,,,,,,,,,,,,,,,,,"500 NW Wall St, Bend, OR 97701, United States"
O-00411,Clark Family Center,,,,,,,,,,,,,,,,,,,,,,,,,,,,,,,,,,"2740 SE Powell Blvd, Portland, OR 97202, United States"
O-00412,Central Oregon Veterans Ranch,,,,,,,,,,,,,,,,,,,,,,,,,,,,,,,,,,"65920 SW 61st St, Bend, OR 97703, United States"
O-00413,"Jefferson High School PTSA, Inc.",,,,,,,,,,,,,,,,,,,,,,,,,,,,,,,,,,"5210 N Kerby Ave, Portland, OR 97217, United States"
O-00414,Roosevelt High School Booster Club,,,,,,,,,,,,,,,,,,,,,,,,,,,,,,,,,,"6941 N Central St, Portland, OR 97203, United States"
O-00415,Oregon Wildlife Foundation,,,,,,,,,,,,,,,,,,,,,,,,,,,,,,,,,,"901 SE Oak St #103, Portland, OR 97214, United States"
O-00416,The ReBuilding Center,,,,,,,,,,,,,,,,,,,,,,,,,,,,,,,,,,"3625 N Mississippi Ave, Portland, OR 97227, United States"
O-00417,Redmond Rotary,,,,,,,,,,,,,,,,,,,,,,,,,,,,,,,,,,"1938 SW Elkhorn Ave, Redmond, OR 97756, United States"
O-00418,Chief Joseph Elementary,,,,,,,,,,,,,,,,,,,,,,,,,,,,,,,,,,"2409 N Saratoga St, Portland, OR 97217, United States"
O-00419,Jim Pepper Native Arts Council,,,,,,,,,,,,,,,,,,,,,,,,,,,,,,,,,,"411 NW Park Ave #101, Portland, OR 97209, United States"
O-00420,The Aphasia Network,,,,,,,,,,,,,,,,,,,,,,,,,,,,,,,,,,"1825 SW Broadway, Portland, OR 97201, United States"
O-00421,Hearthstone at Murrayhill LLC,,,,,,,,,,,,,,,,,,,,,,,,,,,,,,,,,,"10880 SW Davies Rd, Beaverton, OR 97008, United States"
O-00422,Filipino American Association of Vancouver,,,,,,,,,,,,,,,,,,,,,,,,,,,,,,,,,,"8917 SE Stark St, Portland, OR 97216, United States"
O-00423,COALITION OF COMMUNITY HEALTH CLINICS,,,,,,,,,,,,,,,,,,,,,,,,,,,,,,,,,,"434 NW 6th Ave #303, Portland, OR 97209, United States"
O-00424,NerdHerd FRC 4043,,,,,,,,,,,,,,,,,,,,,,,,,,,,,,,,,,Cannot find address.
O-00425,Decoding Dyslexia Oregon,,,,,,,,,,,,,,,,,,,,,,,,,,,,,,,,,,Cannot find address.
O-00426,Family Promise of Beaverton,,,,,,,,,,,,,,,,,,,,,,,,,,,,,,,,,,"14986 NW Cornell Rd, Portland, OR 97229, United States"
O-00427,Fern Ridge Middle School,,,,,,,,,,,,,,,,,,,,,,,,,,,,,,,,,,"88831 Territorial Hwy, Elmira, OR 97437, United States"
O-00428,PDX Diaper Bank,,,,,,,,,,,,,,,,,,,,,,,,,,,,,,,,,,"6011 SE 92nd Ave, Portland, OR 97266, United States"
O-00429,Washington Autism Alliance and Advocacy,,,,,,,,,,,,,,,,,,,,,,,,,,,,,,,,,,"16225 NE 87th St suite a-2, Redmond, WA 98052, United States"
O-00430,The Pixie Project,,,,,,,,,,,,,,,,,,,,,,,,,,,,,,,,,,"510 NE Martin Luther King Jr Blvd, Portland, OR 97232, United States"
O-00431,Artists Repertory Theatre,,,,,,,,,,,,,,,,,,,,,,,,,,,,,,,,,,"1515 SW Morrison St, Portland, OR 97205, United States"
O-00432,IamMore Foundation,,,,,,,,,,,,,,,,,,,,,,,,,,,,,,,,,,"3547 53rd Ave W, Bradenton, FL 34210, United States"
O-00433,"Luke-Dorf, Inc.",,,,,,,,,,,,,,,,,,,,,,,,,,,,,,,,,,"9255 NE Halsey St, Portland, OR 97220, United States"
O-00434,Newberg High School,,,,,,,,,,,,,,,,,,,,,,,,,,,,,,,,,,"2400 Douglas Ave, Newberg, OR 97132, United States"
O-00435,Ride Connection Inc.,,,,,,,,,,,,,,,,,,,,,,,,,,,,,,,,,,"9955 NE Glisan St, Portland, OR 97220, United States"
O-00436,The Wallace Medical Concern,,,,,,,,,,,,,,,,,,,,,,,,,,,,,,,,,,"124 NE 181st Ave UNIT 103, Portland, OR 97230, United States"
O-00437,Milwaukie-Portland Elks Lodge #142,,,,,,,,,,,,,,,,,,,,,,,,,,,,,,,,,,"13121 SE McLoughlin Blvd, Oak Grove, OR 97222, United States"
O-00440,COMMUNITY ACTION AGENCY,,,,,,,,,,,,,,,,,,,,,,,,,,,,,,,,,,"9340 SW Barnes Rd #100, Portland, OR 97225, United States"
O-00441,St Vincent de Paul,,,,,,,,,,,,,,,,,,,,,,,,,,,,,,,,,,"8101 SE Cornwell St, Portland, OR 97206, United States"
O-00442,Adler's Voice,,,,,,,,,,,,,,,,,,,,,,,,,,,,,,,,,,"61270 Huckleberry Pl, Bend, OR 97702, United States"
O-00443,Beulah's Place,,,,,,,,,,,,,,,,,,,,,,,,,,,,,,,,,,"Beulah, OR 97911, USA"
O-00444,Toys for Tots Lane County,,,,,,,,,,,,,,,,,,,,,,,,,,,,,,,,,,Cannot find address.
O-00445,The Share House,,,,,,,,,,,,,,,,,,,,,,,,,,,,,,,,,,"1115 W 13th St, Vancouver, WA 98660, United States"
O-00446,Live Love NW,,,,,,,,,,,,,,,,,,,,,,,,,,,,,,,,,,"9200 NE Fremont St, Portland, OR 97220, United States"
O-00447,Delgani String Quartet,,,,,,,,,,,,,,,,,,,,,,,,,,,,,,,,,,"Room 75, in the basement., 1620 SW Park Ave, Portland, OR 97201, United States"
O-00448,Alameda Public Elementary School,,,,,,,,,,,,,,,,,,,,,,,,,,,,,,,,,,"2732 NE Fremont St, Portland, OR 97212, United States"
O-00449,Sacred Heart Hospital,,,,,,,,,,,,,,,,,,,,,,,,,,,,,,,,,,"1255 Hilyard St, Eugene, OR 97401, United States"
O-00450,Unitarian Universalist Fellowship of Central OR,,,,,,,,,,,,,,,,,,,,,,,,,,,,,,,,,,"319 S University Ave, Mt Pleasant, MI 48858, United States"
O-00451,Legacy Health Foundation,,,,,,,,,,,,,,,,,,,,,,,,,,,,,,,,,,"2801 N Gantenbein Ave, Portland, OR 97227, United States"
O-00452,MILWAUKIE ROTARY,,,,,,,,,,,,,,,,,,,,,,,,,,,,,,,,,,"3009 SE Chestnut St, Milwaukie, OR 97267, United States"
O-00453,California Community Foundation,,,,,,,,,,,,,,,,,,,,,,,,,,,,,,,,,,"221 S Figueroa St #400, Los Angeles, CA 90012, United States"
O-00454,Portland Rescue Mission,,,,,,,,,,,,,,,,,,,,,,,,,,,,,,,,,,"111 W Burnside St, Portland, OR 97209, United States"
O-00455,Dexter McCarty Middle School PTC,,,,,,,,,,,,,,,,,,,,,,,,,,,,,,,,,,"1400 SE 5th St, Gresham, OR 97080, United States"
O-00456,Cascadia Behavioral Healthcare,,,,,,,,,,,,,,,,,,,,,,,,,,,,,,,,,,"2270 NW Overton St, Portland, OR 97210, United States"
O-00457,CASA of Central Oregon,,,,,,,,,,,,,,,,,,,,,,,,,,,,,,,,,,"1029 NW 14th St #100, Bend, OR 97703, United States"
O-00458,Boxes of Love Project,,,,,,,,,,,,,,,,,,,,,,,,,,,,,,,,,,Cannot find address.
O-00459,ROCKSOLID Teen Center,,,,,,,,,,,,,,,,,,,,,,,,,,,,,,,,,,"12919 NE 159th St, Brush Prairie, WA 98606, United States"
O-00460,Silverton Sheltering Services,,,,,,,,,,,,,,,,,,,,,,,,,,,,,,,,,,Cannot find address.
O-00461,NW Association for Blind Athletes,,,,,,,,,,,,,,,,,,,,,,,,,,,,,,,,,,"703 Broadway St #600, Vancouver, WA 98660, United States"
O-00462,Bend-LaPine EDUCATION FOUNDATION,,,,,,,,,,,,,,,,,,,,,,,,,,,,,,,,,,"520 NW Wall St #325, Bend, OR 97701, United States"
O-00463,St. Agatha Catholic School,,,,,,,,,,,,,,,,,,,,,,,,,,,,,,,,,,"7960 SE 15th Ave, Portland, OR 97202, United States"
O-00464,HBBA,,,,,,,,,,,,,,,,,,,,,,,,,,,,,,,,,,"4904 SE Hawthorne Blvd, Portland, OR 97215, United States"
O-00465,Clackamas High School,,,,,,,,,,,,,,,,,,,,,,,,,,,,,,,,,,"14486 SE 122nd Ave, Clackamas, OR 97015, United States"
O-00466,Gervais Elementary School,,,,,,,,,,,,,,,,,,,,,,,,,,,,,,,,,,"150 Douglas Ave NE, Gervais, OR 97026, United States"
O-00467,La Center Middle School,,,,,,,,,,,,,,,,,,,,,,,,,,,,,,,,,,"700 E 4th St, La Center, WA 98629, United States"
O-00468,Vernon K-8 School,,,,,,,,,,,,,,,,,,,,,,,,,,,,,,,,,,"2044 NE Killingsworth St, Portland, OR 97211, United States"
O-00469,Richard Schuler,,,,,,,,,,,,,,,,,,,,,,,,,,,,,,,,,,Cannot find address.
O-00470,Sandra Moreno,,,,,,,,,,,,,,,,,,,,,,,,,,,,,,,,,,"4560 SE International Way, Milwaukie, OR 97222, United States"
O-00471,Corbett Middle School,,,,,,,,,,,,,,,,,,,,,,,,,,,,,,,,,,"35800 E Historic Columbia Rvr, Corbett, OR 97019, United States"
O-00472,Floyd Light Middle School,,,,,,,,,,,,,,,,,,,,,,,,,,,,,,,,,,"10800 SE Washington St, Portland, OR 97216, United States"
O-00473,Gresham High School,,,,,,,,,,,,,,,,,,,,,,,,,,,,,,,,,,"1200 N Main Ave, Gresham, OR 97030, United States"
O-00474,Levi Anderson Learning Center,,,,,,,,,,,,,,,,,,,,,,,,,,,,,,,,,,"16535 SW Tualatin Valley Hwy, Beaverton, OR 97006, United States"
O-00475,Sisters High School,,,,,,,,,,,,,,,,,,,,,,,,,,,,,,,,,,"1700 McKinney Butte Rd, Sisters, OR 97759, United States"
O-00476,Tom McCall Elementary School,,,,,,,,,,,,,,,,,,,,,,,,,,,,,,,,,,"1341 Pacific Ave, Forest Grove, OR 97116, United States"
O-00477,Valor Christian School International,,,,,,,,,,,,,,,,,,,,,,,,,,,,,,,,,,"3350 SW 182nd Ave, Beaverton, OR 97006, United States"
O-00478,Vose Elementary School,,,,,,,,,,,,,,,,,,,,,,,,,,,,,,,,,,"11350 SW Denney Rd, Beaverton, OR 97008, United States"
O-00479,West Sylvan Middle School,,,,,,,,,,,,,,,,,,,,,,,,,,,,,,,,,,"8111 SW West Slope Dr, Portland, OR 97225, United States"
O-00480,Angela Gausman,,,,,,,,,,,,,,,,,,,,,,,,,,,,,,,,,,Cannot find address.
O-00481,J Geurts,,,,,,,,,,,,,,,,,,,,,,,,,,,,,,,,,,"Zoetendaalstraat 6, 5443 AM Haps, Netherlands"
O-00482,Richard Almeida,,,,,,,,,,,,,,,,,,,,,,,,,,,,,,,,,,Cannot find address.
O-00483,Matthew Bradley,,,,,,,,,,,,,,,,,,,,,,,,,,,,,,,,,,Cannot find address.
O-00484,Holly Neill,,,,,,,,,,,,,,,,,,,,,,,,,,,,,,,,,,Cannot find address.
O-00485,Cameron Glogau,,,,,,,,,,,,,,,,,,,,,,,,,,,,,,,,,,Cannot find address.
O-00486,Vernon PTA,,,,,,,,,,,,,,,,,,,,,,,,,,,,,,,,,,"2044 NE Killingsworth St, Portland, OR 97211, United States"
O-00487,Troutdale PALS,,,,,,,,,,,,,,,,,,,,,,,,,,,,,,,,,,Cannot find address.
O-00488,"Self Enhancement, Inc.",,,,,,,,,,,,,,,,,,,,,,,,,,,,,,,,,,"3920 N Kerby Ave, Portland, OR 97227, United States"
O-00489,Janine Kirstein,,,,,,,,,,,,,,,,,,,,,,,,,,,,,,,,,,Cannot find address.
O-00490,Lucas Ambrose Houck,,,,,,,,,,,,,,,,,,,,,,,,,,,,,,,,,,Cannot find address.
O-00491,DAVID DOUGLAS SCHOOL DISTRICT,,,,,,,,,,,,,,,,,,,,,,,,,,,,,,,,,,"11300 NE Halsey St, Portland, OR 97220, United States"
O-00492,Virginia Garcia Memorial,,,,,,,,,,,,,,,,,,,,,,,,,,,,,,,,,,"2725 SW Cedar Hills Blvd UNIT 200, Beaverton, OR 97005, United States"
O-00493,Providence St. Vincent Medical Foundation,,,,,,,,,,,,,,,,,,,,,,,,,,,,,,,,,,"9205 SW Barnes Rd, Portland, OR 97225, United States"
O-00494,Milwaukie Rotary Foundation,,,,,,,,,,,,,,,,,,,,,,,,,,,,,,,,,,"3009 SE Chestnut St, Milwaukie, OR 97267, United States"
O-00495,African American Alliance for Home Ownership,,,,,,,,,,,,,,,,,,,,,,,,,,,,,,,,,,"825 NE 20th Ave #225, Portland, OR 97232, United States"
O-00496,Woodstock Neighborhood Association,,,,,,,,,,,,,,,,,,,,,,,,,,,,,,,,,,"4326 SE Woodstock Blvd, Portland, OR 97206, United States"
O-00497,The Street Trust,,,,,,,,,,,,,,,,,,,,,,,,,,,,,,,,,,"618 NW Glisan St #203, Portland, OR 97209, United States"
O-00498,Portland Pride,,,,,,,,,,,,,,,,,,,,,,,,,,,,,,,,,,"111 SW 5th Ave #3119, Portland, OR 97204, United States"
O-00499,Gresham Farmers Market,,,,,,,,,,,,,,,,,,,,,,,,,,,,,,,,,,"NW 3rd St, Gresham, OR 97030, United States"
O-00500,Portland Picnic LLC,,,,,,,,,,,,,,,,,,,,,,,,,,,,,,,,,,"7530 SE 22nd Ave, Portland, OR 97202, United States"
O-00501,2D4D,,,,,,,,,,,,,,,,,,,,,,,,,,,,,,,,,,Cannot find address.
O-00502,DOWNTOWN OREGON CITY ASSOCIATION,,,,,,,,,,,,,,,,,,,,,,,,,,,,,,,,,,"814 Main St, Oregon City, OR 97045, United States"
O-00503,Portland-Kaohsiung Sister City Assocation,,,,,,,,,,,,,,,,,,,,,,,,,,,,,,,,,,"308 SW 1st Ave #183, Portland, OR 97204, United States"
O-00504,Rock Creek Elementary School,,,,,,,,,,,,,,,,,,,,,,,,,,,,,,,,,,"4125 NW 185th Ave, Portland, OR 97229, United States"
O-00505,PRESCOTT ELEMENTARY SCHOOL,,,,,,,,,,,,,,,,,,,,,,,,,,,,,,,,,,"10410 NE Prescott St, Portland, OR 97220, United States"
O-00506,Molalla High School,,,,,,,,,,,,,,,,,,,,,,,,,,,,,,,,,,"357 E Francis St, Molalla, OR 97038, United States"
O-00507,Skyview High School,,,,,,,,,,,,,,,,,,,,,,,,,,,,,,,,,,"1300 NW 139th St, Vancouver, WA 98685, United States"
O-00508,Gilbert Heights Elementary,,,,,,,,,,,,,,,,,,,,,,,,,,,,,,,,,,"12839 SE Holgate Blvd, Portland, OR 97236, United States"
O-00509,Scouters Mountain Elementary,,,,,,,,,,,,,,,,,,,,,,,,,,,,,,,,,,"10811 SE 172nd Ave, Happy Valley, OR 97086, United States"
O-00510,West Tualatin View Elementary School,,,,,,,,,,,,,,,,,,,,,,,,,,,,,,,,,,"8800 SW Leahy Rd, Portland, OR 97225, United States"
O-00511,Colton Middle School,,,,,,,,,,,,,,,,,,,,,,,,,,,,,,,,,,"21580 S Schieffer Rd, Colton, OR 97017, United States"
O-00512,Sky View Middle School,,,,,,,,,,,,,,,,,,,,,,,,,,,,,,,,,,"63555 NE 18th St, Bend, OR 97701, United States"
O-00513,Fir Ridge Campus,,,,,,,,,,,,,,,,,,,,,,,,,,,,,,,,,,"11215 SE Market St, Portland, OR 97216, United States"
O-00514,Greg Wognild,,,,,,,,,,,,,,,,,,,,,,,,,,,,,,,,,,Cannot find address.
O-00515,Kellie Tichenor,,,,,,,,,,,,,,,,,,,,,,,,,,,,,,,,,,Cannot find address.
O-00516,Joseph Minato,,,,,,,,,,,,,,,,,,,,,,,,,,,,,,,,,,"501 N Dixon St, Portland, OR 97227, United States"
O-00517,Nadia Boria,,,,,,,,,,,,,,,,,,,,,,,,,,,,,,,,,,Cannot find address.
O-00518,MIchelle Colbert,,,,,,,,,,,,,,,,,,,,,,,,,,,,,,,,,,Cannot find address.
O-00519,Stephanie Fitzgerald,,,,,,,,,,,,,,,,,,,,,,,,,,,,,,,,,,Cannot find address.
O-00520,Brandon Ramey,,,,,,,,,,,,,,,,,,,,,,,,,,,,,,,,,,Cannot find address.
O-00521,Care Partners,,,,,,,,,,,,,,,,,,,,,,,,,,,,,,,,,,"1600 NW Compton Dr #210, Beaverton, OR 97006, United States"
O-00522,Myron Ryan,,,,,,,,,,,,,,,,,,,,,,,,,,,,,,,,,,Cannot find address.
O-00523,Francesca Erika Aultman,,,,,,,,,,,,,,,,,,,,,,,,,,,,,,,,,,Cannot find address.
O-00524,Metropolitan Exposition Recreation Commission,,,,,,,,,,,,,,,,,,,,,,,,,,,,,,,,,,"777 NE Martin Luther King Jr Blvd, Portland, OR 97232, United States"
O-00525,Tori Sharpe,,,,,,,,,,,,,,,,,,,,,,,,,,,,,,,,,,Cannot find address.
O-00526,Vancouver Farmers Market Association,,,,,,,,,,,,,,,,,,,,,,,,,,,,,,,,,,"500 W 8th St, Vancouver, WA 98660, United States"
O-00527,Redmond Chamber of Commerce,,,,,,,,,,,,,,,,,,,,,,,,,,,,,,,,,,"446 SW 7th St, Redmond, OR 97756, United States"
O-00528,APANO Communities United Fund,,,,,,,,,,,,,,,,,,,,,,,,,,,,,,,,,,"8188 SE Division St, Portland, OR 97206, United States"
O-00529,Wheel To Walk Foundation,,,,,,,,,,,,,,,,,,,,,,,,,,,,,,,,,,Cannot find address.
O-00530,Innovative Services NW,,,,,,,,,,,,,,,,,,,,,,,,,,,,,,,,,,"9414 NE Fourth Plain Blvd, Vancouver, WA 98662, United States"
O-00531,People Growers of America,,,,,,,,,,,,,,,,,,,,,,,,,,,,,,,,,,"10110 SW Nimbus Ave b1, Portland, OR 97223, United States"
O-00532,Chinook Elementary,,,,,,,,,,,,,,,,,,,,,,,,,,,,,,,,,,"1900 NW Bliss Rd #1824, Vancouver, WA 98685, United States"
O-00533,NeighborImpact,,,,,,,,,,,,,,,,,,,,,,,,,,,,,,,,,,"2303 SW 1st St, Redmond, OR 97756, United States"
O-00534,Portland Literacy Council,,,,,,,,,,,,,,,,,,,,,,,,,,,,,,,,,,"Beaverton, OR 97005, United States"
O-00535,Abernethy PTA,,,,,,,,,,,,,,,,,,,,,,,,,,,,,,,,,,"2421 SE Orange Ave, Portland, OR 97214, United States"
O-00536,Benson Polytechnic High School,,,,,,,,,,,,,,,,,,,,,,,,,,,,,,,,,,"546 NE 12th Ave, Portland, OR 97232, United States"
O-00537,Morrison Child and Family Services,,,,,,,,,,,,,,,,,,,,,,,,,,,,,,,,,,"3205 SE 13th Ave, Portland, OR 97202, United States"
O-00538,A FAMILY PLACE,,,,,,,,,,,,,,,,,,,,,,,,,,,,,,,,,,"1714 Villa Rd, Newberg, OR 97132, United States"
O-00539,Impact NW dba Squires,,,,,,,,,,,,,,,,,,,,,,,,,,,,,,,,,,"1785 NE Sandy Blvd #200, Portland, OR 97232, United States"
O-00540,Faith Cafe,,,,,,,,,,,,,,,,,,,,,,,,,,,,,,,,,,"10390 SW Canyon Rd, Beaverton, OR 97005, United States"
O-00541,Mary Woodward Elementary PSO Foundation,,,,,,,,,,,,,,,,,,,,,,,,,,,,,,,,,,"12325 SW Katherine St, Tigard, OR 97223, United States"
O-00542,Abilities at Work,,,,,,,,,,,,,,,,,,,,,,,,,,,,,,,,,,"134 SE 5th Ave Ste D, Hillsboro, OR 97123, United States"
O-00543,Gladstone Education Foundation,,,,,,,,,,,,,,,,,,,,,,,,,,,,,,,,,,"17789 Webster Rd, Gladstone, OR 97027, United States"
O-00544,Dundee Parent Group,,,,,,,,,,,,,,,,,,,,,,,,,,,,,,,,,,"140 SW 5th St, Dundee, OR 97115, United States"
O-00545,Boise-Eliot/Humboldt PTA,,,,,,,,,,,,,,,,,,,,,,,,,,,,,,,,,,"620 N Fremont St, Portland, OR 97211, United States"
O-00546,Black Community of Portland,,,,,,,,,,,,,,,,,,,,,,,,,,,,,,,,,,"4511 N Williams Ave, Portland, OR 97217, United States"
O-00547,Bethlehem Inn,,,,,,,,,,,,,,,,,,,,,,,,,,,,,,,,,,"3705 N Hwy 97, Bend, OR 97701, United States"
O-00548,Parks Foundation of Clark County,,,,,,,,,,,,,,,,,,,,,,,,,,,,,,,,,,"1718 SE 7th Ave, Camas, WA 98607, United States"
O-00549,Lane County Literacy Council,,,,,,,,,,,,,,,,,,,,,,,,,,,,,,,,,,Cannot find address.
O-00550,Oregon Law Foundation,,,,,,,,,,,,,,,,,,,,,,,,,,,,,,,,,,"Portland, OR 97205, United States"
O-00551,Assistance League of Greater Portland,,,,,,,,,,,,,,,,,,,,,,,,,,,,,,,,,,"4000 SW 117th Ave, Beaverton, OR 97005, United States"
O-00552,Healthy Kids Running Series,,,,,,,,,,,,,,,,,,,,,,,,,,,,,,,,,,"383 Brinton Lake Rd #1, Thornton, PA 19373, United States"
O-00553,Albertina Kerr Centers Foundation,,,,,,,,,,,,,,,,,,,,,,,,,,,,,,,,,,"424 NE 22nd Ave, Portland, OR 97232, United States"
O-00554,Oregon Nurses Foundation,,,,,,,,,,,,,,,,,,,,,,,,,,,,,,,,,,"18765 SW Boones Ferry Rd # 200, Tualatin, OR 97062, United States"
O-00555,"Heart of Oregon Corps., Inc.",,,,,,,,,,,,,,,,,,,,,,,,,,,,,,,,,,"1291 NE 5th St, Bend, OR 97701, United States"
O-00556,RONALD MCDONALD HOUSE CHARITIES,,,,,,,,,,,,,,,,,,,,,,,,,,,,,,,,,,"3410 SW Bond Ave, Portland, OR 97239, United States"
O-00557,Community Living Above,,,,,,,,,,,,,,,,,,,,,,,,,,,,,,,,,,"1212 SW Clay St, Portland, OR 97201, United States"
O-00558,Fir Grove Children's Center,,,,,,,,,,,,,,,,,,,,,,,,,,,,,,,,,,"2920 Falk Rd #5604, Vancouver, WA 98661, United States"
O-00559,Maybelle Center for Community,,,,,,,,,,,,,,,,,,,,,,,,,,,,,,,,,,"121 NW 6th Ave, Portland, OR 97209, United States"
O-00560,Opal Creek Ancient Forest Center,,,,,,,,,,,,,,,,,,,,,,,,,,,,,,,,,,"721 NW 9th Ave, Portland, OR 97209, United States"
O-00561,Pearl Buck Center,,,,,,,,,,,,,,,,,,,,,,,,,,,,,,,,,,"3690 W 1st Ave, Eugene, OR 97402, United States"
O-00562,Alberta Rider Elementary School P.S.O.,,,,,,,,,,,,,,,,,,,,,,,,,,,,,,,,,,"14850 SW 132nd Ave, Tigard, OR 97224, United States"
O-00563,VOZ Workers Rights Education Project,,,,,,,,,,,,,,,,,,,,,,,,,,,,,,,,,,"1131 SE Oak St, Portland, OR 97214, United States"
O-00564,Cully Association of Neighbors,,,,,,,,,,,,,,,,,,,,,,,,,,,,,,,,,,"4415 NE 87th Ave, Portland, OR 97220, United States"
O-00565,Arlington Club,,,,,,,,,,,,,,,,,,,,,,,,,,,,,,,,,,"811 SW Salmon St, Portland, OR 97205, United States"
O-00566,Clackamas Women's Services,,,,,,,,,,,,,,,,,,,,,,,,,,,,,,,,,,"256, A Safe Place Family Justice Center, Warner Milne Rd, Oregon City, OR 97045, United States"
O-00567,Beyond Differences,,,,,,,,,,,,,,,,,,,,,,,,,,,,,,,,,,"711 Grand Ave STE 200, San Rafael, CA 94901, United States"
O-00568,The Arc of Multnomah-Clackamas,,,,,,,,,,,,,,,,,,,,,,,,,,,,,,,,,,"6929 NE Halsey St, Portland, OR 97213, United States"
O-00569,Teachers Brigade,,,,,,,,,,,,,,,,,,,,,,,,,,,,,,,,,,"3242 NE 3rd Ave, Camas, WA 98607, United States"
O-00570,Portland Opportunities Industrialization Center,,,,,,,,,,,,,,,,,,,,,,,,,,,,,,,,,,"717 N Killingsworth Ct, Portland, OR 97217, United States"
O-00571,India Cultural Association,,,,,,,,,,,,,,,,,,,,,,,,,,,,,,,,,,"701 SW 6th Ave, Portland, OR 97205, United States"
O-00572,CASA of Clackamas County,,,,,,,,,,,,,,,,,,,,,,,,,,,,,,,,,,"421 High St #108, Oregon City, OR 97045, United States"
O-00573,Parent Support Center,,,,,,,,,,,,,,,,,,,,,,,,,,,,,,,,,,Cannot find address.
O-00574,Rocky Butte Farmers Market,,,,,,,,,,,,,,,,,,,,,,,,,,,,,,,,,,"4420 NE Hancock St, Portland, OR 97213, United States"
O-00575,The Scotch,,,,,,,,,,,,,,,,,,,,,,,,,,,,,,,,,,"215 SE 9th Ave #102, Portland, OR 97214, United States"
O-00576,Identity Clark County,,,,,,,,,,,,,,,,,,,,,,,,,,,,,,,,,,"900 Washington St #1040, Vancouver, WA 98660, United States"
O-00577,Tualatin United Methodist Church,,,,,,,,,,,,,,,,,,,,,,,,,,,,,,,,,,"20200 SW Martinazzi Ave, Tualatin, OR 97062, United States"
O-00578,Don't Give Up Movement,,,,,,,,,,,,,,,,,,,,,,,,,,,,,,,,,,Cannot find address.
O-00579,Oregon Community Foundation,,,,,,,,,,,,,,,,,,,,,,,,,,,,,,,,,,"1221 SW Yamhill St Suite 100, Portland, OR 97205, United States"
O-00580,ASD Oregon,,,,,,,,,,,,,,,,,,,,,,,,,,,,,,,,,,"12042 SE Sunnyside Rd, Clackamas, OR 97015, United States"
O-00581,Free Clinic of Southwest Washington,,,,,,,,,,,,,,,,,,,,,,,,,,,,,,,,,,"4100 Plomondon St, Vancouver, WA 98661, United States"
O-00582,Girls Build,,,,,,,,,,,,,,,,,,,,,,,,,,,,,,,,,,"Design is Go in Portland, OR, USA, 2303 N Randolph Ave, Portland, OR 97227, United States"
O-00583,Lents Neighborhood Livability Association,,,,,,,,,,,,,,,,,,,,,,,,,,,,,,,,,,"7819 SE 105th Ave, Portland, OR 97266, United States"
O-00584,Muscular Dystrophy Association,,,,,,,,,,,,,,,,,,,,,,,,,,,,,,,,,,"4800 SW Macadam Ave #205, Portland, OR 97239, United States"
O-00585,Urban League of Portland,,,,,,,,,,,,,,,,,,,,,,,,,,,,,,,,,,"10 N Russell St, Portland, OR 97227, United States"
O-00586,Lane County School District No. 4J,,,,,,,,,,,,,,,,,,,,,,,,,,,,,,,,,,"200 N Monroe St, Eugene, OR 97402, United States"
O-00587,BendNEXT,,,,,,,,,,,,,,,,,,,,,,,,,,,,,,,,,,Cannot find address.
O-00588,Forest Grove Community School,,,,,,,,,,,,,,,,,,,,,,,,,,,,,,,,,,"1914 Pacific Ave, Forest Grove, OR 97116, United States"
O-00589,Friends of Amity,,,,,,,,,,,,,,,,,,,,,,,,,,,,,,,,,,Cannot find address.
O-00590,Jason Lee PTA,,,,,,,,,,,,,,,,,,,,,,,,,,,,,,,,,,"2222 NE 92nd Ave, Portland, OR 97220, United States"
O-00591,North Marion Parents,,,,,,,,,,,,,,,,,,,,,,,,,,,,,,,,,,"20246 Grim Rd NE #9496, Aurora, OR 97002, United States"
O-00592,United Way of Deschutes,,,,,,,,,,,,,,,,,,,,,,,,,,,,,,,,,,"1130 NW Harriman St # A, Bend, OR 97703, United States"
O-00593,Oregon Museum of Science and Industry,,,,,,,,,,,,,,,,,,,,,,,,,,,,,,,,,,"1945 SE Water Ave, Portland, OR 97214, United States"
O-00594,Beaver Acres Elementary PTO,,,,,,,,,,,,,,,,,,,,,,,,,,,,,,,,,,"2125 SW 170th Ave, Beaverton, OR 97003, United States"
O-00595,Friends of Gladstone Nature Park,,,,,,,,,,,,,,,,,,,,,,,,,,,,,,,,,,"18111-18395 Webster Rd, Gladstone, OR 97027, United States"
O-00596,Grow Portland,,,,,,,,,,,,,,,,,,,,,,,,,,,,,,,,,,"4815 NE 7th Ave, Portland, OR 97211, United States"
O-00597,Asian Health & Service Center,,,,,,,,,,,,,,,,,,,,,,,,,,,,,,,,,,"9035 SE Foster Rd, Portland, OR 97266, United States"
O-00598,SquareOne Villages,,,,,,,,,,,,,,,,,,,,,,,,,,,,,,,,,,Cannot find address.
O-00599,Bridges Collaborative Care Clinic,,,,,,,,,,,,,,,,,,,,,,,,,,,,,,,,,,"3181 SW Sam Jackson Park Rd, Portland, OR 97239, United States"
O-00600,Oregon City School District,,,,,,,,,,,,,,,,,,,,,,,,,,,,,,,,,,"Oregon City School District, OR, USA"
O-00601,Multicultural Integrated Kidney Education Program,,,,,,,,,,,,,,,,,,,,,,,,,,,,,,,,,,"1825 SW Broadway, Portland, OR 97201, United States"
O-00602,Thurston High School,,,,,,,,,,,,,,,,,,,,,,,,,,,,,,,,,,"333 58th St, Springfield, OR 97478, United States"
O-00603,Lane County Diaper Bank,,,,,,,,,,,,,,,,,,,,,,,,,,,,,,,,,,Cannot find address.
O-00604,Lunch Buddy Mentoring Program,,,,,,,,,,,,,,,,,,,,,,,,,,,,,,,,,,Cannot find address.
O-00605,MAPLE Microdevelopment,,,,,,,,,,,,,,,,,,,,,,,,,,,,,,,,,,Cannot find address.
O-00606,North Star Elementary PTO,,,,,,,,,,,,,,,,,,,,,,,,,,,,,,,,,,"63567 NW, Brownrigg Ln, Bend, OR 97703, United States"
O-00607,Northwest Animal Companions,,,,,,,,,,,,,,,,,,,,,,,,,,,,,,,,,,"1265 NW 185th Ave, Beaverton, OR 97006, United States"
O-00608,Schirle Elementary Parents Club,,,,,,,,,,,,,,,,,,,,,,,,,,,,,,,,,,"4875 Justice Way S, Salem, OR 97302, United States"
O-00609,HOLLA,,,,,,,,,,,,,,,,,,,,,,,,,,,,,,,,,,"Stationsplein 101, 5211 BM 's-Hertogenbosch, Netherlands"
O-00610,Mt. Scott Learning Center,,,,,,,,,,,,,,,,,,,,,,,,,,,,,,,,,,"6148 SE Holgate Blvd, Portland, OR 97206, United States"
O-00611,Southridge High School,,,,,,,,,,,,,,,,,,,,,,,,,,,,,,,,,,"9625 SW 125th Ave, Beaverton, OR 97008, United States"
O-00612,Southeast Portland Rotary Foundation Inc.,,,,,,,,,,,,,,,,,,,,,,,,,,,,,,,,,,"1220 SW Morrison St #425, Portland, OR 97205, United States"
O-00613,Union Gospel Mission,,,,,,,,,,,,,,,,,,,,,,,,,,,,,,,,,,"3 NW 3rd Ave, Portland, OR 97209, United States"
O-00614,Where Ability Grows,,,,,,,,,,,,,,,,,,,,,,,,,,,,,,,,,,Cannot find address.
O-00615,Youth Villages Oregon,,,,,,,,,,,,,,,,,,,,,,,,,,,,,,,,,,"2507 Christie Dr, Lake Oswego, OR 97034, United States"
O-00616,Boys and Girls Club Portland Metropolitan Area,,,,,,,,,,,,,,,,,,,,,,,,,,,,,,,,,,"4430 N Trenton St, Portland, OR 97203, United States"
O-00617,Sacred Heart Medical Center,,,,,,,,,,,,,,,,,,,,,,,,,,,,,,,,,,"3333 Riverbend Dr, Springfield, OR 97477, United States"
O-00618,Agros International,,,,,,,,,,,,,,,,,,,,,,,,,,,,,,,,,,"2225 4th Ave #200, Seattle, WA 98121, United States"
O-00619,CENTRAL OREGON LOCAVORE,,,,,,,,,,,,,,,,,,,,,,,,,,,,,,,,,,"1841 NE 3rd St, Bend, OR 97701, United States"
O-00620,Chief Cornerstone Boxing,,,,,,,,,,,,,,,,,,,,,,,,,,,,,,,,,,"321 NW Glisan St, Portland, OR 97209, United States"
O-00621,Community Cycling Center,,,,,,,,,,,,,,,,,,,,,,,,,,,,,,,,,,"1805 NE 2nd Ave, Portland, OR 97212, United States"
O-00622,Grant High School Instrumental Music Program,,,,,,,,,,,,,,,,,,,,,,,,,,,,,,,,,,"2245 NE 36th Ave, Portland, OR 97212, United States"
O-00623,Oregon City High School Structured Learning Center,,,,,,,,,,,,,,,,,,,,,,,,,,,,,,,,,,"19761 S Beavercreek Rd, Oregon City, OR 97045, United States"
O-00624,Oregon Impact,,,,,,,,,,,,,,,,,,,,,,,,,,,,,,,,,,"5427 Glen Echo Ave, Gladstone, OR 97027, United States"
O-00625,Portland Columbia Symphony,,,,,,,,,,,,,,,,,,,,,,,,,,,,,,,,,,"1838 SW Jefferson St, Portland, OR 97201, United States"
O-00626,Bloomin Boutique,,,,,,,,,,,,,,,,,,,,,,,,,,,,,,,,,,"19376 Molalla Ave, Oregon City, OR 97045, United States"
O-00627,Wild Diversity,,,,,,,,,,,,,,,,,,,,,,,,,,,,,,,,,,Cannot find address.
O-00628,Central Lane Robotics,,,,,,,,,,,,,,,,,,,,,,,,,,,,,,,,,,Cannot find address.
O-00629,Bridlemile Foundation,,,,,,,,,,,,,,,,,,,,,,,,,,,,,,,,,,"Bridlemile, Portland, OR 97239, USA"
O-00630,Farmers Market Fund,,,,,,,,,,,,,,,,,,,,,,,,,,,,,,,,,,"1010 SW Park Ave, Portland, OR 97205, United States"
O-00631,Birch Community Services,,,,,,,,,,,,,,,,,,,,,,,,,,,,,,,,,,"17780 NE San Rafael St, Portland, OR 97230, United States"
O-00632,Childrens Cancer Association,,,,,,,,,,,,,,,,,,,,,,,,,,,,,,,,,,"1200 NW Naito Pkwy #140, Portland, OR 97209, United States"
O-00633,Kenton Action Plan,,,,,,,,,,,,,,,,,,,,,,,,,,,,,,,,,,"2209 N Schofield St, Portland, OR 97217, United States"
O-00634,WellMama,,,,,,,,,,,,,,,,,,,,,,,,,,,,,,,,,,"150 Shelton Mcmurphey Blvd #208, Eugene, OR 97401, United States"
O-00635,Montclair Elementary PTO,,,,,,,,,,,,,,,,,,,,,,,,,,,,,,,,,,"7250 SW Vermont St, Portland, OR 97223, United States"
O-00636,KairosPDX,,,,,,,,,,,,,,,,,,,,,,,,,,,,,,,,,,"KairosPDX, 4915 N Gantenbein Ave, Portland, OR 97217, United States"
O-00637,Bethel School District,,,,,,,,,,,,,,,,,,,,,,,,,,,,,,,,,,"Bethel School District, WA, USA"
O-00638,Charitable Partnership Fund,,,,,,,,,,,,,,,,,,,,,,,,,,,,,,,,,,Cannot find address.
O-00639,SOLVE,,,,,,,,,,,,,,,,,,,,,,,,,,,,,,,,,,"2000 SW 1st Ave, Portland, OR 97201, United States"
O-00641,Montavilla East Tabor Business Association,,,,,,,,,,,,,,,,,,,,,,,,,,,,,,,,,,"Montavilla, Portland, OR, USA"
O-00642,Oregon Association of Minority Entrepreneurs,,,,,,,,,,,,,,,,,,,,,,,,,,,,,,,,,,"731 N Hayden Meadows Dr, Portland, OR 97217, United States"
O-00643,Kiwanis Food Bank,,,,,,,,,,,,,,,,,,,,,,,,,,,,,,,,,,"328 W Main Ave, Sisters, OR 97759, United States"
O-00644,Portland Workforce Alliance,,,,,,,,,,,,,,,,,,,,,,,,,,,,,,,,,,"4916 NE 122nd Ave, Portland, OR 97230, United States"
O-00645,Vancouver Farmers Market Assoc.,,,,,,,,,,,,,,,,,,,,,,,,,,,,,,,,,,"605 Esther St, Vancouver, WA 98660, United States"
O-00646,Tower Theatre Foundation,,,,,,,,,,,,,,,,,,,,,,,,,,,,,,,,,,"835 NW Wall St, Bend, OR 97701, United States"
O-00647,Sunnyside Elementary PTA,,,,,,,,,,,,,,,,,,,,,,,,,,,,,,,,,,"13401 SE 132nd Ave, Clackamas, OR 97015, United States"
O-00648,Sellwood Middle School Foundation,,,,,,,,,,,,,,,,,,,,,,,,,,,,,,,,,,"8300 SE 15th Ave, Portland, OR 97202, United States"
O-00649,Bend Senior High School,,,,,,,,,,,,,,,,,,,,,,,,,,,,,,,,,,"230 NE 6th St, Bend, OR 97701, United States"
O-00650,Thurston Elementary School,,,,,,,,,,,,,,,,,,,,,,,,,,,,,,,,,,"7345 Thurston Rd, Springfield, OR 97478, United States"
O-00651,Roosevelt Middle School,,,,,,,,,,,,,,,,,,,,,,,,,,,,,,,,,,"500 E 24th Ave, Eugene, OR 97405, United States"
O-00652,Metropolitan Learing Center,,,,,,,,,,,,,,,,,,,,,,,,,,,,,,,,,,"2033 NW Glisan St, Portland, OR 97209, United States"
O-00653,Meadows Elementary PTO,,,,,,,,,,,,,,,,,,,,,,,,,,,,,,,,,,"18009 SE Brooklyn St, Portland, OR 97236, United States"
O-00654,Jefferson High School,,,,,,,,,,,,,,,,,,,,,,,,,,,,,,,,,,"5210 N Kerby Ave, Portland, OR 97217, United States"
O-00655,Immigrant and Refugee Community Organization,,,,,,,,,,,,,,,,,,,,,,,,,,,,,,,,,,"10301 NE Glisan St, Portland, OR 97220, United States"
O-00656,Girls Count,,,,,,,,,,,,,,,,,,,,,,,,,,,,,,,,,,"221 NW 2nd Ave #302, Portland, OR 97209, United States"
O-00657,FACES of America,,,,,,,,,,,,,,,,,,,,,,,,,,,,,,,,,,"1687 Summer St NE, Salem, OR 97301, United States"
O-00658,Greater Vancouver Chamber of Commerce,,,,,,,,,,,,,,,,,,,,,,,,,,,,,,,,,,"1101 Broadway St # 100, Vancouver, WA 98660, United States"
