Sheet ID,Organization Name,Phone,Web Address,Organization Type,Does the organization bank with us?,Organization Relationship,Tax ID/EIN,Vendor ID,Mission Statement,Historical Involvement,Notes,Tags,Street,City,State,Zip,Our Representative,Our Representative Present?,Reviewed,Last Review,Review Expiration Date,Full Name,Email,Job Title,Phone,Phone Ext,Primary Contact,CRA Eligible,CRA Qualifying Rationale,Purpose,Development Activities,Qualitative Factors,Impact Areas,Impact Tags
O-00001,NWCUA,,,,,,,,,,,,,,,,,,,,,,,,,,,,,,,,,
O-00002,Hispanic Metropolitan Chamber,,,,,,,,,,,,,,,,,,,,,,,,,,,,,,,,,
O-00003,McMinnville Chamber,,,,,,,,,,,,,,,,,,,,,,,,,,,,,,,,,
O-00004,Alameda School Foundation,,,,,,,,,,,,,,,,,,,,,,,,,,,,,,,,,
O-00005,Cedar Hills Kindergarten and Preschool,,,,,,,,,,,,,,,,,,,,,,,,,,,,,,,,,
O-00006,East County Basketball Academy,,,,,,,,,,,,,,,,,,,,,,,,,,,,,,,,,
O-00007,Food for Families,,,,,,,,,,,,,,,,,,,,,,,,,,,,,,,,,
O-00008,"Girls, Inc. of the Pacific Northwest",,,,,,,,,,,,,,,,,,,,,,,,,,,,,,,,,
O-00009,McMinnville Chamber of Commerce,,,,,,,,,,,,,,,,,,,,,,,,,,,,,,,,,
O-00010,Nerd Herd 4043,,,,,,,,,,,,,,,,,,,,,,,,,,,,,,,,,
O-00011,Northwest Senior Theatre,,,,,,,,,,,,,,,,,,,,,,,,,,,,,,,,,
O-00012,Oregon DECA,,,,,,,,,,,,,,,,,,,,,,,,,,,,,,,,,
O-00013,PROPER,,,,,,,,,,,,,,,,,,,,,,,,,,,,,,,,,
O-00014,SMART,,,,,,,,,,,,,,,,,,,,,,,,,,,,,,,,,
O-00015,Lakewood Center for the Arts,,,,,,,,,,,,,,,,,,,,,,,,,,,,,,,,,
O-00016,United Way,,,,,,,,,,,,,,,,,,,,,,,,,,,,,,,,,
O-00017,Rotary Club of Bend,,,,,,,,,,,,,,,,,,,,,,,,,,,,,,,,,
O-00018,Store to Door,,,,,,,,,,,,,,,,,,,,,,,,,,,,,,,,,
O-00019,"Guide Dogs for the Blind, Inc.",,,,,,,,,,,,,,,,,,,,,,,,,,,,,,,,,
O-00020,Classroom Law Project,,,,,,,,,,,,,,,,,,,,,,,,,,,,,,,,,
O-00021,Duniway School Foundation,,,,,,,,,,,,,,,,,,,,,,,,,,,,,,,,,
O-00022,Concordia University,,,,,,,,,,,,,,,,,,,,,,,,,,,,,,,,,
O-00023,Portland Actors Conservatory,,,,,,,,,,,,,,,,,,,,,,,,,,,,,,,,,
O-00024,North Clackamas Education Foundation,,,,,,,,,,,,,,,,,,,,,,,,,,,,,,,,,
O-00025,Colton Holly Memorial Scholarship Fund,,,,,,,,,,,,,,,,,,,,,,,,,,,,,,,,,
O-00026,Human Solutions,,,,,,,,,,,,,,,,,,,,,,,,,,,,,,,,,
O-00027,Chess for Success,,,,,,,,,,,,,,,,,,,,,,,,,,,,,,,,,
O-00028,Irvington School PTA,,,,,,,,,,,,,,,,,,,,,,,,,,,,,,,,,
O-00029,Meals On Wheels People,,,,,,,,,,,,,,,,,,,,,,,,,,,,,,,,,
O-00030,NAMI Clackamas,,,,,,,,,,,,,,,,,,,,,,,,,,,,,,,,,
O-00031,Rieke Elementary School,,,,,,,,,,,,,,,,,,,,,,,,,,,,,,,,,
O-00032,Rigler PTA,,,,,,,,,,,,,,,,,,,,,,,,,,,,,,,,,
O-00033,Sage Elementary PTC,,,,,,,,,,,,,,,,,,,,,,,,,,,,,,,,,
O-00034,Springfield Utility Board,,,,,,,,,,,,,,,,,,,,,,,,,,,,,,,,,
O-00035,Education Foundation for Bend-LaPine Sch,,,,,,,,,,,,,,,,,,,,,,,,,,,,,,,,,
O-00036,Regional Arts & Culture Council,,,,,,,,,,,,,,,,,,,,,,,,,,,,,,,,,
O-00037,BEAT,,,,,,,,,,,,,,,,,,,,,,,,,,,,,,,,,
O-00038,American Cancer Society,,,,,,,,,,,,,,,,,,,,,,,,,,,,,,,,,
O-00039,Bradley Angle,,,,,,,,,,,,,,,,,,,,,,,,,,,,,,,,,
O-00040,The Library Foundation,,,,,,,,,,,,,,,,,,,,,,,,,,,,,,,,,
O-00041,Columbia Springs,,,,,,,,,,,,,,,,,,,,,,,,,,,,,,,,,
O-00042,For the Love of Schools,,,,,,,,,,,,,,,,,,,,,,,,,,,,,,,,,
O-00043,Make A Wish Foundation of Oregon,,,,,,,,,,,,,,,,,,,,,,,,,,,,,,,,,
O-00044,Beaverton Education Foundation,,,,,,,,,,,,,,,,,,,,,,,,,,,,,,,,,
O-00045,Big Brothers Big Sisters of Central OR,,,,,,,,,,,,,,,,,,,,,,,,,,,,,,,,,
O-00046,Cascade School of Music,,,,,,,,,,,,,,,,,,,,,,,,,,,,,,,,,
O-00047,CASH Oregon,,,,,,,,,,,,,,,,,,,,,,,,,,,,,,,,,
O-00048,Deschutes Public Library Foundation,,,,,,,,,,,,,,,,,,,,,,,,,,,,,,,,,
O-00049,Dress for Success,,,,,,,,,,,,,,,,,,,,,,,,,,,,,,,,,
O-00050,Friends of Creston,,,,,,,,,,,,,,,,,,,,,,,,,,,,,,,,,
O-00051,Juliette's House,,,,,,,,,,,,,,,,,,,,,,,,,,,,,,,,,
O-00052,Looking Glass Youth & Family Services,,,,,,,,,,,,,,,,,,,,,,,,,,,,,,,,,
O-00053,National Brain Tumor Society,,,,,,,,,,,,,,,,,,,,,,,,,,,,,,,,,
O-00054,Portland Homeless Family Solutions,,,,,,,,,,,,,,,,,,,,,,,,,,,,,,,,,
O-00055,Rahab's Sisters,,,,,,,,,,,,,,,,,,,,,,,,,,,,,,,,,
O-00056,Thurston Elementary Parent Teacher,,,,,,,,,,,,,,,,,,,,,,,,,,,,,,,,,
O-00057,Rebuilding Together - Washington County,,,,,,,,,,,,,,,,,,,,,,,,,,,,,,,,,
O-00058,Llewellyn Elementary School Foundation,,,,,,,,,,,,,,,,,,,,,,,,,,,,,,,,,
O-00059,Latino Community Association,,,,,,,,,,,,,,,,,,,,,,,,,,,,,,,,,
O-00060,Parks Foundation,,,,,,,,,,,,,,,,,,,,,,,,,,,,,,,,,
O-00061,First Technology Credit Union,,,,,,,,,,,,,,,,,,,,,,,,,,,,,,,,,
O-00062,Randall Children's Hospital Foundation,,,,,,,,,,,,,,,,,,,,,,,,,,,,,,,,,
O-00063,Financial Beginings Corporation,,,,,,,,,,,,,,,,,,,,,,,,,,,,,,,,,
O-00064,Oregon Humane Society,,,,,,,,,,,,,,,,,,,,,,,,,,,,,,,,,
O-00065,P:ear,,,,,,,,,,,,,,,,,,,,,,,,,,,,,,,,,
O-00066,Oregon Wildlife,,,,,,,,,,,,,,,,,,,,,,,,,,,,,,,,,
O-00067,Autistic Community Activity Program,,,,,,,,,,,,,,,,,,,,,,,,,,,,,,,,,
O-00068,"Classical Ballet Academy, Inc.",,,,,,,,,,,,,,,,,,,,,,,,,,,,,,,,,
O-00069,Foundation for Vancouver Public Schools,,,,,,,,,,,,,,,,,,,,,,,,,,,,,,,,,
O-00070,High Desert Museum,,,,,,,,,,,,,,,,,,,,,,,,,,,,,,,,,
O-00071,TLC-TNT,,,,,,,,,,,,,,,,,,,,,,,,,,,,,,,,,
O-00072,William Temple House,,,,,,,,,,,,,,,,,,,,,,,,,,,,,,,,,
O-00073,Clark County Skills Center Foundation,,,,,,,,,,,,,,,,,,,,,,,,,,,,,,,,,
O-00074,Immigrant & Refugee Community Org,,,,,,,,,,,,,,,,,,,,,,,,,,,,,,,,,
O-00075,Neighborhood House,,,,,,,,,,,,,,,,,,,,,,,,,,,,,,,,,
O-00076,PHOENIX Rising Transitions,,,,,,,,,,,,,,,,,,,,,,,,,,,,,,,,,
O-00077,Living Room,,,,,,,,,,,,,,,,,,,,,,,,,,,,,,,,,
O-00078,City of Oregon City,,,,,,,,,,,,,,,,,,,,,,,,,,,,,,,,,
O-00079,Cascade AIDS Project,,,,,,,,,,,,,,,,,,,,,,,,,,,,,,,,,
O-00080,Oregon City Farmer's Market,,,,,,,,,,,,,,,,,,,,,,,,,,,,,,,,,
O-00081,Asian Pacific American Chamber,,,,,,,,,,,,,,,,,,,,,,,,,,,,,,,,,
O-00082,Playworks,,,,,,,,,,,,,,,,,,,,,,,,,,,,,,,,,
O-00083,Habitat for Humanity - Portland Metro East,,,,,,,,,,,,,,,,,,,,,,,,,,,,,,,,,
O-00084,Bridge Meadows,,,,,,,,,,,,,,,,,,,,,,,,,,,,,,,,,
O-00085,Hacienda CDC,,,,,,,,,,,,,,,,,,,,,,,,,,,,,,,,,
O-00086,Habitat for Humanity,,,,,,,,,,,,,,,,,,,,,,,,,,,,,,,,,
O-00087,Friendly House,,,,,,,,,,,,,,,,,,,,,,,,,,,,,,,,,
O-00088,Portland Housing Center,,,,,,,,,,,,,,,,,,,,,,,,,,,,,,,,,
O-00089,Beaverton Area Chamber of Commerce,,,,,,,,,,,,,,,,,,,,,,,,,,,,,,,,,
O-00090,Caldera,,,,,,,,,,,,,,,,,,,,,,,,,,,,,,,,,
O-00091,City Of Beaverton,,,,,,,,,,,,,,,,,,,,,,,,,,,,,,,,,
O-00092,Domestic Violence Resource Center,,,,,,,,,,,,,,,,,,,,,,,,,,,,,,,,,
O-00093,Focus On Youth,,,,,,,,,,,,,,,,,,,,,,,,,,,,,,,,,
O-00094,Junior Achievement,,,,,,,,,,,,,,,,,,,,,,,,,,,,,,,,,
O-00095,Junior Achievement of Oregon &,,,,,,,,,,,,,,,,,,,,,,,,,,,,,,,,,
O-00096,Kinship House,,,,,,,,,,,,,,,,,,,,,,,,,,,,,,,,,
O-00097,Lot Whitcomb Elementary School,,,,,,,,,,,,,,,,,,,,,,,,,,,,,,,,,
O-00098,Parkrose School District #3,,,,,,,,,,,,,,,,,,,,,,,,,,,,,,,,,
O-00099,Virginia Garcia Memorial Foundation,,,,,,,,,,,,,,,,,,,,,,,,,,,,,,,,,
O-00100,Beaumont Business Association,,,,,,,,,,,,,,,,,,,,,,,,,,,,,,,,,
O-00101,Gresham Barlow School District,,,,,,,,,,,,,,,,,,,,,,,,,,,,,,,,,
O-00102,Northwest Credit Union Association,,,,,,,,,,,,,,,,,,,,,,,,,,,,,,,,,
O-00103,Perrydale School,,,,,,,,,,,,,,,,,,,,,,,,,,,,,,,,,
O-00104,Doernbecher,,,,,,,,,,,,,,,,,,,,,,,,,,,,,,,,,
O-00105,Children's Cancer Association,,,,,,,,,,,,,,,,,,,,,,,,,,,,,,,,,
O-00106,Teaching With Purpose Conference,,,,,,,,,,,,,,,,,,,,,,,,,,,,,,,,,
O-00107,Pacific Foundation for Blind Children,,,,,,,,,,,,,,,,,,,,,,,,,,,,,,,,,
O-00108,East Vancouver Business Association,,,,,,,,,,,,,,,,,,,,,,,,,,,,,,,,,
O-00109,Children's Miracle Network,,,,,,,,,,,,,,,,,,,,,,,,,,,,,,,,,
O-00110,Opportunity Knocks,,,,,,,,,,,,,,,,,,,,,,,,,,,,,,,,,
O-00111,Clackamas Community College,,,,,,,,,,,,,,,,,,,,,,,,,,,,,,,,,
O-00112,Healthy Beginnings,,,,,,,,,,,,,,,,,,,,,,,,,,,,,,,,,
O-00113,Hillsdale Business & Professional Assoc,,,,,,,,,,,,,,,,,,,,,,,,,,,,,,,,,
O-00114,Hillsdale Community Foundation,,,,,,,,,,,,,,,,,,,,,,,,,,,,,,,,,
O-00115,I Have A Dream Foundation-Oregon,,,,,,,,,,,,,,,,,,,,,,,,,,,,,,,,,
O-00116,J Bar J Youth Services,,,,,,,,,,,,,,,,,,,,,,,,,,,,,,,,,
O-00117,L'Arche Portland,,,,,,,,,,,,,,,,,,,,,,,,,,,,,,,,,
O-00118,McMinnville Sunrise Rotary Foundation,,,,,,,,,,,,,,,,,,,,,,,,,,,,,,,,,
O-00119,Momentum Alliance,,,,,,,,,,,,,,,,,,,,,,,,,,,,,,,,,
O-00120,Portland'5 Centers for the Arts,,,,,,,,,,,,,,,,,,,,,,,,,,,,,,,,,
O-00121,School of Piano Technology for the Blind,,,,,,,,,,,,,,,,,,,,,,,,,,,,,,,,,
O-00122,"Share, Inc.",,,,,,,,,,,,,,,,,,,,,,,,,,,,,,,,,
O-00123,Springfield Education Foundation,,,,,,,,,,,,,,,,,,,,,,,,,,,,,,,,,
O-00124,McMinnville Downtown Association,,,,,,,,,,,,,,,,,,,,,,,,,,,,,,,,,
O-00125,Doerbecher Children's Hospital,,,,,,,,,,,,,,,,,,,,,,,,,,,,,,,,,
O-00126,Downtown Bend Business Association,,,,,,,,,,,,,,,,,,,,,,,,,,,,,,,,,
O-00127,Cliff Dias Scholarship,,,,,,,,,,,,,,,,,,,,,,,,,,,,,,,,,
O-00128,Children's Healing Art Project,,,,,,,,,,,,,,,,,,,,,,,,,,,,,,,,,
O-00129,"Community Vision, Inc.",,,,,,,,,,,,,,,,,,,,,,,,,,,,,,,,,
O-00130,Friends of Portland Community Gardens,,,,,,,,,,,,,,,,,,,,,,,,,,,,,,,,,
O-00131,Gresham-Barlow Education Foundation,,,,,,,,,,,,,,,,,,,,,,,,,,,,,,,,,
O-00132,Hospice of Redmond,,,,,,,,,,,,,,,,,,,,,,,,,,,,,,,,,
O-00133,Kemple Memorial Childrens Dental Clinic,,,,,,,,,,,,,,,,,,,,,,,,,,,,,,,,,
O-00134,Lift Urban Portland,,,,,,,,,,,,,,,,,,,,,,,,,,,,,,,,,
O-00135,Northwest Credit Union Foundation,,,,,,,,,,,,,,,,,,,,,,,,,,,,,,,,,
O-00136,Northwest Down Syndrome Association,,,,,,,,,,,,,,,,,,,,,,,,,,,,,,,,,
O-00137,Operation Backpack,,,,,,,,,,,,,,,,,,,,,,,,,,,,,,,,,
O-00138,POIC,,,,,,,,,,,,,,,,,,,,,,,,,,,,,,,,,
O-00139,Project Pooch,,,,,,,,,,,,,,,,,,,,,,,,,,,,,,,,,
O-00140,ROSE Community Development,,,,,,,,,,,,,,,,,,,,,,,,,,,,,,,,,
O-00141,Tualatin Chamber of Commerce,,,,,,,,,,,,,,,,,,,,,,,,,,,,,,,,,
O-00142,Clackamas Education Service District,,,,,,,,,,,,,,,,,,,,,,,,,,,,,,,,,
O-00143,TP Forever,,,,,,,,,,,,,,,,,,,,,,,,,,,,,,,,,
O-00144,Schoolhouse Supplies,,,,,,,,,,,,,,,,,,,,,,,,,,,,,,,,,
O-00145,Credit Unions for Kids,,,,,,,,,,,,,,,,,,,,,,,,,,,,,,,,,
O-00146,Portland State University,,,,,,,,,,,,,,,,,,,,,,,,,,,,,,,,,
O-00147,Adventist Health Hospice,,,,,,,,,,,,,,,,,,,,,,,,,,,,,,,,,
O-00148,McMinnville Education Foundation,,,,,,,,,,,,,,,,,,,,,,,,,,,,,,,,,
O-00149,Aim High Academy of Martial Arts,,,,,,,,,,,,,,,,,,,,,,,,,,,,,,,,,
O-00150,Community Action,,,,,,,,,,,,,,,,,,,,,,,,,,,,,,,,,
O-00151,Department of Human Services,,,,,,,,,,,,,,,,,,,,,,,,,,,,,,,,,
O-00152,Homeless Youth Law Clinic,,,,,,,,,,,,,,,,,,,,,,,,,,,,,,,,,
O-00153,HomePlate Youth Services,,,,,,,,,,,,,,,,,,,,,,,,,,,,,,,,,
O-00154,Molly's Fund Fighting Lupus,,,,,,,,,,,,,,,,,,,,,,,,,,,,,,,,,
O-00155,Raphael House of Portland,,,,,,,,,,,,,,,,,,,,,,,,,,,,,,,,,
O-00156,Rose Haven CIC,,,,,,,,,,,,,,,,,,,,,,,,,,,,,,,,,
O-00157,Social Services of Clackamas County,,,,,,,,,,,,,,,,,,,,,,,,,,,,,,,,,
O-00158,Sparrows Club USA,,,,,,,,,,,,,,,,,,,,,,,,,,,,,,,,,
O-00159,Trauma Intervention Program,,,,,,,,,,,,,,,,,,,,,,,,,,,,,,,,,
O-00160,Univera Serve First,,,,,,,,,,,,,,,,,,,,,,,,,,,,,,,,,
O-00161,Willamette Valley Cancer Foundation,,,,,,,,,,,,,,,,,,,,,,,,,,,,,,,,,
O-00162,Providence Milwaukie Hospital Foundation,,,,,,,,,,,,,,,,,,,,,,,,,,,,,,,,,
O-00163,Imagine Possibilities,,,,,,,,,,,,,,,,,,,,,,,,,,,,,,,,,
O-00164,Metropolitan Family Service,,,,,,,,,,,,,,,,,,,,,,,,,,,,,,,,,
O-00165,Oregon Ballet Theatre,,,,,,,,,,,,,,,,,,,,,,,,,,,,,,,,,
O-00166,The Children's Course,,,,,,,,,,,,,,,,,,,,,,,,,,,,,,,,,
O-00167,"Youth, Rights & Justice",,,,,,,,,,,,,,,,,,,,,,,,,,,,,,,,,
O-00168,Ecology in Classrooms & Outdoors,,,,,,,,,,,,,,,,,,,,,,,,,,,,,,,,,
O-00169,Architecture Foundation of Oregon,,,,,,,,,,,,,,,,,,,,,,,,,,,,,,,,,
O-00170,Rotary Club of Southeast Portland,,,,,,,,,,,,,,,,,,,,,,,,,,,,,,,,,
O-00171,With Love Oregon,,,,,,,,,,,,,,,,,,,,,,,,,,,,,,,,,
O-00172,Alzheimer's Association,,,,,,,,,,,,,,,,,,,,,,,,,,,,,,,,,
O-00173,Helping Men Heal,,,,,,,,,,,,,,,,,,,,,,,,,,,,,,,,,
O-00174,Oregon Business Association,,,,,,,,,,,,,,,,,,,,,,,,,,,,,,,,,
O-00175,Credit Union for kids,,,,,,,,,,,,,,,,,,,,,,,,,,,,,,,,,
O-00176,Milwaukie High School,,,,,,,,,,,,,,,,,,,,,,,,,,,,,,,,,
O-00177,Little Boxes,,,,,,,,,,,,,,,,,,,,,,,,,,,,,,,,,
O-00178,The Madeleine School,,,,,,,,,,,,,,,,,,,,,,,,,,,,,,,,,
O-00179,Greater Douglas County United Way,,,,,,,,,,,,,,,,,,,,,,,,,,,,,,,,,
O-00180,Children's Miracle Network Hospitals,,,,,,,,,,,,,,,,,,,,,,,,,,,,,,,,,
O-00181,A Family for Every Child,,,,,,,,,,,,,,,,,,,,,,,,,,,,,,,,,
O-00182,Arata Creek School,,,,,,,,,,,,,,,,,,,,,,,,,,,,,,,,,
O-00183,Family Kitchen,,,,,,,,,,,,,,,,,,,,,,,,,,,,,,,,,
O-00184,Friends of Outdoor School,,,,,,,,,,,,,,,,,,,,,,,,,,,,,,,,,
O-00185,Kukatonon Children's African Dance,,,,,,,,,,,,,,,,,,,,,,,,,,,,,,,,,
O-00186,Miracle Theatre Group,,,,,,,,,,,,,,,,,,,,,,,,,,,,,,,,,
O-00187,Parent Child Preschools Organization,,,,,,,,,,,,,,,,,,,,,,,,,,,,,,,,,
O-00188,Together For Children,,,,,,,,,,,,,,,,,,,,,,,,,,,,,,,,,
O-00189,Woodlawn School,,,,,,,,,,,,,,,,,,,,,,,,,,,,,,,,,
O-00190,Wilsonville Chamber of Commerce,,,,,,,,,,,,,,,,,,,,,,,,,,,,,,,,,
O-00191,Quota International of Central Oregon,,,,,,,,,,,,,,,,,,,,,,,,,,,,,,,,,
O-00192,Arco Iris Spanish Immersion School,,,,,,,,,,,,,,,,,,,,,,,,,,,,,,,,,
O-00193,Black Educational Achievement Movement,,,,,,,,,,,,,,,,,,,,,,,,,,,,,,,,,
O-00194,El Programa Hispano Catolico,,,,,,,,,,,,,,,,,,,,,,,,,,,,,,,,,
O-00195,Family Access Network,,,,,,,,,,,,,,,,,,,,,,,,,,,,,,,,,
O-00196,Food for Lane County,,,,,,,,,,,,,,,,,,,,,,,,,,,,,,,,,
O-00197,Grant High School,,,,,,,,,,,,,,,,,,,,,,,,,,,,,,,,,
O-00198,Mittleman Jewish Community Center,,,,,,,,,,,,,,,,,,,,,,,,,,,,,,,,,
O-00199,Oregon College of Art and Craft,,,,,,,,,,,,,,,,,,,,,,,,,,,,,,,,,
O-00200,Oregon Head Start Association,,,,,,,,,,,,,,,,,,,,,,,,,,,,,,,,,
O-00201,Rex Putnam High School,,,,,,,,,,,,,,,,,,,,,,,,,,,,,,,,,
O-00202,Sisters of the Road,,,,,,,,,,,,,,,,,,,,,,,,,,,,,,,,,
O-00203,Portland Youth Philharmonic,,,,,,,,,,,,,,,,,,,,,,,,,,,,,,,,,
O-00204,Rivergate Elementary,,,,,,,,,,,,,,,,,,,,,,,,,,,,,,,,,
O-00205,Young Audiences,,,,,,,,,,,,,,,,,,,,,,,,,,,,,,,,,
O-00206,Credit Union House,,,,,,,,,,,,,,,,,,,,,,,,,,,,,,,,,
O-00207,Oregon Food Bank,,,,,,,,,,,,,,,,,,,,,,,,,,,,,,,,,
O-00208,Sunshine Division,,,,,,,,,,,,,,,,,,,,,,,,,,,,,,,,,
O-00209,Community Warehouse,,,,,,,,,,,,,,,,,,,,,,,,,,,,,,,,,
O-00210,Educate Ya,,,,,,,,,,,,,,,,,,,,,,,,,,,,,,,,,
O-00211,Encore Senior Players,,,,,,,,,,,,,,,,,,,,,,,,,,,,,,,,,
O-00212,Portland Youth Builders,,,,,,,,,,,,,,,,,,,,,,,,,,,,,,,,,
O-00213,SnowCap Community Charities,,,,,,,,,,,,,,,,,,,,,,,,,,,,,,,,,
O-00214,Bolton Primary School PTA,,,,,,,,,,,,,,,,,,,,,,,,,,,,,,,,,
O-00215,CODA Inc,,,,,,,,,,,,,,,,,,,,,,,,,,,,,,,,,
O-00216,Jim Bridger School,,,,,,,,,,,,,,,,,,,,,,,,,,,,,,,,,
O-00217,Markham Elementary School PTA,,,,,,,,,,,,,,,,,,,,,,,,,,,,,,,,,
O-00218,"Lay It Out, Inc.",,,,,,,,,,,,,,,,,,,,,,,,,,,,,,,,,
O-00219,Vietnamese Community of Oregon (VNCO),,,,,,,,,,,,,,,,,,,,,,,,,,,,,,,,,
O-00220,Classic Wines Auction,,,,,,,,,,,,,,,,,,,,,,,,,,,,,,,,,
O-00222,Mt. Hood Community College,,,,,,,,,,,,,,,,,,,,,,,,,,,,,,,,,
O-00223,Wilsonville Rotary Club,,,,,,,,,,,,,,,,,,,,,,,,,,,,,,,,,
O-00224,PCC Foundation,,,,,,,,,,,,,,,,,,,,,,,,,,,,,,,,,
O-00225,IMG College LLC,,,,,,,,,,,,,,,,,,,,,,,,,,,,,,,,,
O-00226,RMLS,,,,,,,,,,,,,,,,,,,,,,,,,,,,,,,,,
O-00228,East Metro Association of Realtors,,,,,,,,,,,,,,,,,,,,,,,,,,,,,,,,,
O-00230,Portland Parks & Recreation,,,,,,,,,,,,,,,,,,,,,,,,,,,,,,,,,
O-00231,Doernbecher Children's Hospital,,,,,,,,,,,,,,,,,,,,,,,,,,,,,,,,,
O-00232,Bicoastal Media,,,,,,,,,,,,,,,,,,,,,,,,,,,,,,,,,
O-00234,IQ for Kids,,,,,,,,,,,,,,,,,,,,,,,,,,,,,,,,,
O-00235,Unitus Community Credit Union,,,,,,,,,,,,,,,,,,,,,,,,,,,,,,,,,
O-00236,City of Portland,,,,,,,,,,,,,,,,,,,,,,,,,,,,,,,,,
O-00238,Beaver Sports Properties,,,,,,,,,,,,,,,,,,,,,,,,,,,,,,,,,
O-00239,Portland Business Journal,,,,,,,,,,,,,,,,,,,,,,,,,,,,,,,,,
O-00240,OREGON WOMEN IN HIGHER EDUCATION,,,,,,,,,,,,,,,,,,,,,,,,,,,,,,,,,
O-00241,Bend-La Pine School District,,,,,,,,,,,,,,,,,,,,,,,,,,,,,,,,,
O-00242,CHILD WELFARE DHS,,,,,,,,,,,,,,,,,,,,,,,,,,,,,,,,,
O-00243,CLEVELAND HIGH SCHOOL PTA,,,,,,,,,,,,,,,,,,,,,,,,,,,,,,,,,
O-00244,ENDEAVOUR ELEMENTARY PARENT TEACHER,,,,,,,,,,,,,,,,,,,,,,,,,,,,,,,,,
O-00245,LUTHERAN COMMUNITY SERVICES NW,,,,,,,,,,,,,,,,,,,,,,,,,,,,,,,,,
O-00246,REX PUTNAM MUSIC BOOSTERS,,,,,,,,,,,,,,,,,,,,,,,,,,,,,,,,,
O-00247,SUPPORTERS OF THE HILLSBORO,,,,,,,,,,,,,,,,,,,,,,,,,,,,,,,,,
O-00248,WILSONVILLE ROTARY FOUNDATION,,,,,,,,,,,,,,,,,,,,,,,,,,,,,,,,,
O-00249,IMG College,,,,,,,,,,,,,,,,,,,,,,,,,,,,,,,,,
O-00250,CAMP UKANDU,,,,,,,,,,,,,,,,,,,,,,,,,,,,,,,,,
O-00251,COLLEGE POSSIBLE,,,,,,,,,,,,,,,,,,,,,,,,,,,,,,,,,
O-00252,CORBETT EDUCATION FOUNDATION,,,,,,,,,,,,,,,,,,,,,,,,,,,,,,,,,
O-00253,David Douglas Educational Foundation,,,,,,,,,,,,,,,,,,,,,,,,,,,,,,,,,
O-00254,HUNGER FOR SUCCESS,,,,,,,,,,,,,,,,,,,,,,,,,,,,,,,,,
O-00255,Jennings Lodge/ Candy Lane PTA,,,,,,,,,,,,,,,,,,,,,,,,,,,,,,,,,
O-00256,LANE ARTS COUNCIL,,,,,,,,,,,,,,,,,,,,,,,,,,,,,,,,,
O-00257,Parenting Now!,,,,,,,,,,,,,,,,,,,,,,,,,,,,,,,,,
O-00258,RUSSELL ELEMENTARY SCHOOL,,,,,,,,,,,,,,,,,,,,,,,,,,,,,,,,,
O-00259,THE ROSEWOOD INITIATIVE,,,,,,,,,,,,,,,,,,,,,,,,,,,,,,,,,
O-00260,OREGON FBLA,,,,,,,,,,,,,,,,,,,,,,,,,,,,,,,,,
O-00261,DEFENDERS OF FREEDOM,,,,,,,,,,,,,,,,,,,,,,,,,,,,,,,,,
O-00262,Financial Beginnings Corporation,,,,,,,,,,,,,,,,,,,,,,,,,,,,,,,,,
O-00263,De La Salle North Catholic High School,,,,,,,,,,,,,,,,,,,,,,,,,,,,,,,,,
O-00264,ATKINSON ELEMENTARY PTA,,,,,,,,,,,,,,,,,,,,,,,,,,,,,,,,,
O-00265,BEAUMONT MIDDLE SCHOOL FOUNDATION,,,,,,,,,,,,,,,,,,,,,,,,,,,,,,,,,
O-00266,ELEVATE OREGON,,,,,,,,,,,,,,,,,,,,,,,,,,,,,,,,,
O-00267,HIGHLAND ELEMENTARY PTC,,,,,,,,,,,,,,,,,,,,,,,,,,,,,,,,,
O-00268,McMinnville Area Chamber of Commerce,,,,,,,,,,,,,,,,,,,,,,,,,,,,,,,,,
O-00269,Rebuilding Together Portland,,,,,,,,,,,,,,,,,,,,,,,,,,,,,,,,,
O-00270,Wilson High School,,,,,,,,,,,,,,,,,,,,,,,,,,,,,,,,,
O-00271,Hillsboro Chamber of Commerce,,,,,,,,,,,,,,,,,,,,,,,,,,,,,,,,,
O-00272,Big Brothers Big Sisters of Central,,,,,,,,,,,,,,,,,,,,,,,,,,,,,,,,,
O-00273,Boys and Girls Aid,,,,,,,,,,,,,,,,,,,,,,,,,,,,,,,,,
O-00274,David Douglas Arthur Academy,,,,,,,,,,,,,,,,,,,,,,,,,,,,,,,,,
O-00275,Farmington View Parents for Academic,,,,,,,,,,,,,,,,,,,,,,,,,,,,,,,,,
O-00276,Willamette West Habitat for Humanity,,,,,,,,,,,,,,,,,,,,,,,,,,,,,,,,,
O-00277,Jericho Road,,,,,,,,,,,,,,,,,,,,,,,,,,,,,,,,,
O-00278,John McLoughlin Elementary School,,,,,,,,,,,,,,,,,,,,,,,,,,,,,,,,,
O-00279,Rahab's Sister,,,,,,,,,,,,,,,,,,,,,,,,,,,,,,,,,
O-00280,Ridgewood Elementary School PTC,,,,,,,,,,,,,,,,,,,,,,,,,,,,,,,,,
O-00281,Senior Citizens Council of Clackamas,,,,,,,,,,,,,,,,,,,,,,,,,,,,,,,,,
O-00282,Volunteers of America Family Relief,,,,,,,,,,,,,,,,,,,,,,,,,,,,,,,,,
O-00283,BEYOND BACKPACKS,,,,,,,,,,,,,,,,,,,,,,,,,,,,,,,,,
O-00284,The Dougy Center,,,,,,,,,,,,,,,,,,,,,,,,,,,,,,,,,
O-00285,Foundation for Tigard Tualatin Schools,,,,,,,,,,,,,,,,,,,,,,,,,,,,,,,,,
O-00286,Portland-Kaohsiung Sister City Assoc,,,,,,,,,,,,,,,,,,,,,,,,,,,,,,,,,
O-00287,"Dress for Success of Oregon, Inc.",,,,,,,,,,,,,,,,,,,,,,,,,,,,,,,,,
O-00288,Hacienda Community Development Corp,,,,,,,,,,,,,,,,,,,,,,,,,,,,,,,,,
O-00289,AAUW OF OREGON SPECIAL PROJECTS FUND,,,,,,,,,,,,,,,,,,,,,,,,,,,,,,,,,
O-00290,COMMUNITY OF HOPE,,,,,,,,,,,,,,,,,,,,,,,,,,,,,,,,,
O-00291,MOUNT SCOTT ELEMENTARY SCHOOL,,,,,,,,,,,,,,,,,,,,,,,,,,,,,,,,,
O-00292,North Clackamas School District,,,,,,,,,,,,,,,,,,,,,,,,,,,,,,,,,
O-00293,PORTLAND CHILD ART STUDIO,,,,,,,,,,,,,,,,,,,,,,,,,,,,,,,,,
O-00294,SINGING CREEK EDUCATIONAL CENTER,,,,,,,,,,,,,,,,,,,,,,,,,,,,,,,,,
O-00295,SOUTHEAST UPLIFT,,,,,,,,,,,,,,,,,,,,,,,,,,,,,,,,,
O-00296,TUCKER MAXON SCHOOL,,,,,,,,,,,,,,,,,,,,,,,,,,,,,,,,,
O-00297,FOOD BY DESIGN,,,,,,,,,,,,,,,,,,,,,,,,,,,,,,,,,
O-00298,Arthritis Foundation,,,,,,,,,,,,,,,,,,,,,,,,,,,,,,,,,
O-00299,Bienestar,,,,,,,,,,,,,,,,,,,,,,,,,,,,,,,,,
O-00300,CASA OF LANE COUNTY,,,,,,,,,,,,,,,,,,,,,,,,,,,,,,,,,
O-00301,Chief Joseph Elementary PTA,,,,,,,,,,,,,,,,,,,,,,,,,,,,,,,,,
O-00302,Oregon Children's Theatre,,,,,,,,,,,,,,,,,,,,,,,,,,,,,,,,,
O-00303,Timberwolf Support Organization,,,,,,,,,,,,,,,,,,,,,,,,,,,,,,,,,
O-00304,VERN PATRICK ELEMENTARY SCHOOL,,,,,,,,,,,,,,,,,,,,,,,,,,,,,,,,,
O-00305,BEAVERTON DOWNTOWN ASSOCIATION,,,,,,,,,,,,,,,,,,,,,,,,,,,,,,,,,
O-00306,Hillsdale Business & Professional,,,,,,,,,,,,,,,,,,,,,,,,,,,,,,,,,
O-00307,Clackamas County Council of PTAs,,,,,,,,,,,,,,,,,,,,,,,,,,,,,,,,,
O-00308,SUNRISE ROTARY FOUNDATION,,,,,,,,,,,,,,,,,,,,,,,,,,,,,,,,,
O-00309,PP&R Multi-Park Concerts,,,,,,,,,,,,,,,,,,,,,,,,,,,,,,,,,
O-00310,National Alliance on Mental Illness,,,,,,,,,,,,,,,,,,,,,,,,,,,,,,,,,
O-00311,Humane Society for Southwest Washington,,,,,,,,,,,,,,,,,,,,,,,,,,,,,,,,,
O-00312,FAMILY AND COMMUNITY TOGETHER OREGON,,,,,,,,,,,,,,,,,,,,,,,,,,,,,,,,,
O-00313,West Columbia Gorge Chamber of Commerce,,,,,,,,,,,,,,,,,,,,,,,,,,,,,,,,,
O-00314,Portland Police Bureau Sunshine Division,,,,,,,,,,,,,,,,,,,,,,,,,,,,,,,,,
O-00315,PlayOn Organization,,,,,,,,,,,,,,,,,,,,,,,,,,,,,,,,,
O-00316,Oak Grove Historic Trolley Trail Association,,,,,,,,,,,,,,,,,,,,,,,,,,,,,,,,,
O-00317,Oak Grove Elementary,,,,,,,,,,,,,,,,,,,,,,,,,,,,,,,,,
O-00318,Full Circle Programs,,,,,,,,,,,,,,,,,,,,,,,,,,,,,,,,,
O-00319,Family of Friends Mentoring,,,,,,,,,,,,,,,,,,,,,,,,,,,,,,,,,
O-00320,Wi-Ne-Ma Christian Camp,,,,,,,,,,,,,,,,,,,,,,,,,,,,,,,,,
O-00321,Portland Community ToolBank,,,,,,,,,,,,,,,,,,,,,,,,,,,,,,,,,
O-00322,Oregon Science Teachers Association,,,,,,,,,,,,,,,,,,,,,,,,,,,,,,,,,
O-00323,Ecumenical Ministries of Oregon,,,,,,,,,,,,,,,,,,,,,,,,,,,,,,,,,
O-00324,Assistance League of Bend,,,,,,,,,,,,,,,,,,,,,,,,,,,,,,,,,
O-00325,Houston Food Bank,,,,,,,,,,,,,,,,,,,,,,,,,,,,,,,,,
O-00326,Portland Chamber Music,,,,,,,,,,,,,,,,,,,,,,,,,,,,,,,,,
O-00327,Northwest Housing Alternatives,,,,,,,,,,,,,,,,,,,,,,,,,,,,,,,,,
O-00328,High Lakes Elementary School,,,,,,,,,,,,,,,,,,,,,,,,,,,,,,,,,
O-00329,HEALTHY MOVES,,,,,,,,,,,,,,,,,,,,,,,,,,,,,,,,,
O-00330,GUARDIAN PARTNERS,,,,,,,,,,,,,,,,,,,,,,,,,,,,,,,,,
O-00331,Clark County Food Bank,,,,,,,,,,,,,,,,,,,,,,,,,,,,,,,,,
O-00332,Yamhill Community Action Partnership aka YCAP,,,,,,,,,,,,,,,,,,,,,,,,,,,,,,,,,
O-00333,Skyview High School Vocal Music Parents Assoc.,,,,,,,,,,,,,,,,,,,,,,,,,,,,,,,,,
O-00334,Schoolyard Farms,,,,,,,,,,,,,,,,,,,,,,,,,,,,,,,,,
O-00335,Reading Results,,,,,,,,,,,,,,,,,,,,,,,,,,,,,,,,,
O-00336,McMinnville Music Boosters,,,,,,,,,,,,,,,,,,,,,,,,,,,,,,,,,
O-00337,Jim Pepper Native Arts Festival,,,,,,,,,,,,,,,,,,,,,,,,,,,,,,,,,
O-00338,Little Boxes LLC,,,,,,,,,,,,,,,,,,,,,,,,,,,,,,,,,
O-00339,YOUNG CREDIT UNION PROFESSIONALS,,,,,,,,,,,,,,,,,,,,,,,,,,,,,,,,,
O-00340,Sarah J. Anderson Elementary School,,,,,,,,,,,,,,,,,,,,,,,,,,,,,,,,,
O-00341,ROSE HAVEN,,,,,,,,,,,,,,,,,,,,,,,,,,,,,,,,,
O-00342,Rogue Pack,,,,,,,,,,,,,,,,,,,,,,,,,,,,,,,,,
O-00343,Oregon Symphony Association,,,,,,,,,,,,,,,,,,,,,,,,,,,,,,,,,
O-00344,METROPOLITAN YOUTH SYMPHONY,,,,,,,,,,,,,,,,,,,,,,,,,,,,,,,,,
O-00345,GROUT ELEMENTARY PTA,,,,,,,,,,,,,,,,,,,,,,,,,,,,,,,,,
O-00346,"Gleaners Of Clackamas County, Inc.",,,,,,,,,,,,,,,,,,,,,,,,,,,,,,,,,
O-00347,Gaiser Middle School Art Department,,,,,,,,,,,,,,,,,,,,,,,,,,,,,,,,,
O-00348,Family Access Network Foundation,,,,,,,,,,,,,,,,,,,,,,,,,,,,,,,,,
O-00349,Clark County Children's Sharing Project,,,,,,,,,,,,,,,,,,,,,,,,,,,,,,,,,
O-00350,Americares,,,,,,,,,,,,,,,,,,,,,,,,,,,,,,,,,
O-00351,The Nature Conservancy,,,,,,,,,,,,,,,,,,,,,,,,,,,,,,,,,
O-00352,Vietnamese Community of Clark County,,,,,,,,,,,,,,,,,,,,,,,,,,,,,,,,,
O-00353,World Stage Theatre,,,,,,,,,,,,,,,,,,,,,,,,,,,,,,,,,
O-00354,Northwest Family Services,,,,,,,,,,,,,,,,,,,,,,,,,,,,,,,,,
O-00355,MountainStar Family Relief Nursery,,,,,,,,,,,,,,,,,,,,,,,,,,,,,,,,,
O-00356,Mountain View High School Robotics,,,,,,,,,,,,,,,,,,,,,,,,,,,,,,,,,
O-00357,Grant High School Band,,,,,,,,,,,,,,,,,,,,,,,,,,,,,,,,,
O-00358,Cascade Heights Public Charter School,,,,,,,,,,,,,,,,,,,,,,,,,,,,,,,,,
O-00359,Friends of the Children,,,,,,,,,,,,,,,,,,,,,,,,,,,,,,,,,
O-00360,HEALING REINS THERAPEUTIC RIDING CENTER,,,,,,,,,,,,,,,,,,,,,,,,,,,,,,,,,
O-00361,"Serendipity Center, Inc.",,,,,,,,,,,,,,,,,,,,,,,,,,,,,,,,,
O-00362,Franklin High School Foundation,,,,,,,,,,,,,,,,,,,,,,,,,,,,,,,,,
O-00363,Multnomah Play School,,,,,,,,,,,,,,,,,,,,,,,,,,,,,,,,,
O-00364,Marist High School,,,,,,,,,,,,,,,,,,,,,,,,,,,,,,,,,
O-00365,World Muse,,,,,,,,,,,,,,,,,,,,,,,,,,,,,,,,,
O-00366,Oregon Potters Association,,,,,,,,,,,,,,,,,,,,,,,,,,,,,,,,,
O-00367,Bolton Primary PTA,,,,,,,,,,,,,,,,,,,,,,,,,,,,,,,,,
O-00368,YOUNG AUDIENCES OF OREGON AND,,,,,,,,,,,,,,,,,,,,,,,,,,,,,,,,,
O-00369,FAUBION ELEMENTARY SCHOOL PTA,,,,,,,,,,,,,,,,,,,,,,,,,,,,,,,,,
O-00370,Happy Valley Elementary School PTO,,,,,,,,,,,,,,,,,,,,,,,,,,,,,,,,,
O-00371,"See Ya Later Foundation, Inc.",,,,,,,,,,,,,,,,,,,,,,,,,,,,,,,,,
O-00372,Pan African Festival of Oregon,,,,,,,,,,,,,,,,,,,,,,,,,,,,,,,,,
O-00373,Financial Beginnings,,,,,,,,,,,,,,,,,,,,,,,,,,,,,,,,,
O-00374,"Deschutes Family Recovery, Inc.",,,,,,,,,,,,,,,,,,,,,,,,,,,,,,,,,
O-00375,LOWRIE PRIMARY PTA,,,,,,,,,,,,,,,,,,,,,,,,,,,,,,,,,
O-00376,SHAVER ELEMENTARY SCHOOL,,,,,,,,,,,,,,,,,,,,,,,,,,,,,,,,,
O-00377,"Central Oregon Council on Aging, Inc.",,,,,,,,,,,,,,,,,,,,,,,,,,,,,,,,,
O-00378,Creston School PTA,,,,,,,,,,,,,,,,,,,,,,,,,,,,,,,,,
O-00379,Rosedale Parent Group,,,,,,,,,,,,,,,,,,,,,,,,,,,,,,,,,
O-00380,Oregon National Guard Charitable Education Fund,,,,,,,,,,,,,,,,,,,,,,,,,,,,,,,,,
O-00381,East Gresham Elementary,,,,,,,,,,,,,,,,,,,,,,,,,,,,,,,,,
O-00382,Walnut Grove Elementary PTA,,,,,,,,,,,,,,,,,,,,,,,,,,,,,,,,,
O-00383,Family Resource Center of Central Oregon,,,,,,,,,,,,,,,,,,,,,,,,,,,,,,,,,
O-00384,Feed the Hungry Inc.,,,,,,,,,,,,,,,,,,,,,,,,,,,,,,,,,
O-00385,The Children's Book Bank,,,,,,,,,,,,,,,,,,,,,,,,,,,,,,,,,
O-00386,St. Johns Center for Opportunity,,,,,,,,,,,,,,,,,,,,,,,,,,,,,,,,,
O-00387,Looking Glass Community Services,,,,,,,,,,,,,,,,,,,,,,,,,,,,,,,,,
O-00388,Rock'n Rooms,,,,,,,,,,,,,,,,,,,,,,,,,,,,,,,,,
O-00389,Chamber Music Northwest,,,,,,,,,,,,,,,,,,,,,,,,,,,,,,,,,
O-00390,Community Energy Project,,,,,,,,,,,,,,,,,,,,,,,,,,,,,,,,,
O-00391,Micro Enterprise Services of Oregon,,,,,,,,,,,,,,,,,,,,,,,,,,,,,,,,,
O-00392,Saving Grace Maternity Home,,,,,,,,,,,,,,,,,,,,,,,,,,,,,,,,,
O-00393,The Living Room,,,,,,,,,,,,,,,,,,,,,,,,,,,,,,,,,
O-00394,All Hands Raised,,,,,,,,,,,,,,,,,,,,,,,,,,,,,,,,,
O-00395,HARPER'S PLAYGROUND,,,,,,,,,,,,,,,,,,,,,,,,,,,,,,,,,
O-00396,First Book Portland,,,,,,,,,,,,,,,,,,,,,,,,,,,,,,,,,
O-00397,Fort Vancouver Rose Society,,,,,,,,,,,,,,,,,,,,,,,,,,,,,,,,,
O-00398,Pathfinders Of Oregon,,,,,,,,,,,,,,,,,,,,,,,,,,,,,,,,,
O-00399,Woodstock Stakeholders Group,,,,,,,,,,,,,,,,,,,,,,,,,,,,,,,,,
O-00400,Bikes for Humanity PDX,,,,,,,,,,,,,,,,,,,,,,,,,,,,,,,,,
O-00401,Clif Dias Scholarship,,,,,,,,,,,,,,,,,,,,,,,,,,,,,,,,,
O-00402,Friends of the Hillsboro Community Senior Center,,,,,,,,,,,,,,,,,,,,,,,,,,,,,,,,,
O-00403,Montavilla Jazz Festival,,,,,,,,,,,,,,,,,,,,,,,,,,,,,,,,,
O-00404,The 4th Dimension Recovery Center,,,,,,,,,,,,,,,,,,,,,,,,,,,,,,,,,
O-00405,The Family Room,,,,,,,,,,,,,,,,,,,,,,,,,,,,,,,,,
O-00406,Worldwide Foundation for Credit Unions,,,,,,,,,,,,,,,,,,,,,,,,,,,,,,,,,
O-00407,JOIN,,,,,,,,,,,,,,,,,,,,,,,,,,,,,,,,,
O-00408,VERN PATRICK COMMUNITY SCHOOL,,,,,,,,,,,,,,,,,,,,,,,,,,,,,,,,,
O-00409,Adelante Mujeres,,,,,,,,,,,,,,,,,,,,,,,,,,,,,,,,,
O-00410,Boys & Girls Club of Bend,,,,,,,,,,,,,,,,,,,,,,,,,,,,,,,,,
O-00411,Clark Family Center,,,,,,,,,,,,,,,,,,,,,,,,,,,,,,,,,
O-00412,Central Oregon Veterans Ranch,,,,,,,,,,,,,,,,,,,,,,,,,,,,,,,,,
O-00413,"Jefferson High School PTSA, Inc.",,,,,,,,,,,,,,,,,,,,,,,,,,,,,,,,,
O-00414,Roosevelt High School Booster Club,,,,,,,,,,,,,,,,,,,,,,,,,,,,,,,,,
O-00415,Oregon Wildlife Foundation,,,,,,,,,,,,,,,,,,,,,,,,,,,,,,,,,
O-00416,The ReBuilding Center,,,,,,,,,,,,,,,,,,,,,,,,,,,,,,,,,
O-00417,Redmond Rotary,,,,,,,,,,,,,,,,,,,,,,,,,,,,,,,,,
O-00418,Chief Joseph Elementary,,,,,,,,,,,,,,,,,,,,,,,,,,,,,,,,,
O-00419,Jim Pepper Native Arts Council,,,,,,,,,,,,,,,,,,,,,,,,,,,,,,,,,
O-00420,The Aphasia Network,,,,,,,,,,,,,,,,,,,,,,,,,,,,,,,,,
O-00421,Hearthstone at Murrayhill LLC,,,,,,,,,,,,,,,,,,,,,,,,,,,,,,,,,
O-00422,Filipino American Association of Vancouver,,,,,,,,,,,,,,,,,,,,,,,,,,,,,,,,,
O-00423,COALITION OF COMMUNITY HEALTH CLINICS,,,,,,,,,,,,,,,,,,,,,,,,,,,,,,,,,
O-00424,NerdHerd FRC 4043,,,,,,,,,,,,,,,,,,,,,,,,,,,,,,,,,
O-00425,Decoding Dyslexia Oregon,,,,,,,,,,,,,,,,,,,,,,,,,,,,,,,,,
O-00426,Family Promise of Beaverton,,,,,,,,,,,,,,,,,,,,,,,,,,,,,,,,,
O-00427,Fern Ridge Middle School,,,,,,,,,,,,,,,,,,,,,,,,,,,,,,,,,
O-00428,PDX Diaper Bank,,,,,,,,,,,,,,,,,,,,,,,,,,,,,,,,,
O-00429,Washington Autism Alliance and Advocacy,,,,,,,,,,,,,,,,,,,,,,,,,,,,,,,,,
O-00430,The Pixie Project,,,,,,,,,,,,,,,,,,,,,,,,,,,,,,,,,
O-00431,Artists Repertory Theatre,,,,,,,,,,,,,,,,,,,,,,,,,,,,,,,,,
O-00432,IamMore Foundation,,,,,,,,,,,,,,,,,,,,,,,,,,,,,,,,,
O-00433,"Luke-Dorf, Inc.",,,,,,,,,,,,,,,,,,,,,,,,,,,,,,,,,
O-00434,Newberg High School,,,,,,,,,,,,,,,,,,,,,,,,,,,,,,,,,
O-00435,Ride Connection Inc.,,,,,,,,,,,,,,,,,,,,,,,,,,,,,,,,,
O-00436,The Wallace Medical Concern,,,,,,,,,,,,,,,,,,,,,,,,,,,,,,,,,
O-00437,Milwaukie-Portland Elks Lodge #142,,,,,,,,,,,,,,,,,,,,,,,,,,,,,,,,,
O-00440,COMMUNITY ACTION AGENCY,,,,,,,,,,,,,,,,,,,,,,,,,,,,,,,,,
O-00441,St Vincent de Paul,,,,,,,,,,,,,,,,,,,,,,,,,,,,,,,,,
O-00442,Adler's Voice,,,,,,,,,,,,,,,,,,,,,,,,,,,,,,,,,
O-00443,Beulah's Place,,,,,,,,,,,,,,,,,,,,,,,,,,,,,,,,,
O-00444,Toys for Tots Lane County,,,,,,,,,,,,,,,,,,,,,,,,,,,,,,,,,
O-00445,The Share House,,,,,,,,,,,,,,,,,,,,,,,,,,,,,,,,,
O-00446,Live Love NW,,,,,,,,,,,,,,,,,,,,,,,,,,,,,,,,,
O-00447,Delgani String Quartet,,,,,,,,,,,,,,,,,,,,,,,,,,,,,,,,,
O-00448,Alameda Public Elementary School,,,,,,,,,,,,,,,,,,,,,,,,,,,,,,,,,
O-00449,Sacred Heart Hospital,,,,,,,,,,,,,,,,,,,,,,,,,,,,,,,,,
O-00450,Unitarian Universalist Fellowship of Central OR,,,,,,,,,,,,,,,,,,,,,,,,,,,,,,,,,
O-00451,Legacy Health Foundation,,,,,,,,,,,,,,,,,,,,,,,,,,,,,,,,,
O-00452,MILWAUKIE ROTARY,,,,,,,,,,,,,,,,,,,,,,,,,,,,,,,,,
O-00453,California Community Foundation,,,,,,,,,,,,,,,,,,,,,,,,,,,,,,,,,
O-00454,Portland Rescue Mission,,,,,,,,,,,,,,,,,,,,,,,,,,,,,,,,,
O-00455,Dexter McCarty Middle School PTC,,,,,,,,,,,,,,,,,,,,,,,,,,,,,,,,,
O-00456,Cascadia Behavioral Healthcare,,,,,,,,,,,,,,,,,,,,,,,,,,,,,,,,,
O-00457,CASA of Central Oregon,,,,,,,,,,,,,,,,,,,,,,,,,,,,,,,,,
O-00458,Boxes of Love Project,,,,,,,,,,,,,,,,,,,,,,,,,,,,,,,,,
O-00459,ROCKSOLID Teen Center,,,,,,,,,,,,,,,,,,,,,,,,,,,,,,,,,
O-00460,Silverton Sheltering Services,,,,,,,,,,,,,,,,,,,,,,,,,,,,,,,,,
O-00461,NW Association for Blind Athletes,,,,,,,,,,,,,,,,,,,,,,,,,,,,,,,,,
O-00462,Bend-LaPine EDUCATION FOUNDATION,,,,,,,,,,,,,,,,,,,,,,,,,,,,,,,,,
O-00463,St. Agatha Catholic School,,,,,,,,,,,,,,,,,,,,,,,,,,,,,,,,,
O-00464,HBBA,,,,,,,,,,,,,,,,,,,,,,,,,,,,,,,,,
O-00465,Clackamas High School,,,,,,,,,,,,,,,,,,,,,,,,,,,,,,,,,
O-00466,Gervais Elementary School,,,,,,,,,,,,,,,,,,,,,,,,,,,,,,,,,
O-00467,La Center Middle School,,,,,,,,,,,,,,,,,,,,,,,,,,,,,,,,,
O-00468,Vernon K-8 School,,,,,,,,,,,,,,,,,,,,,,,,,,,,,,,,,
O-00469,Richard Schuler,,,,,,,,,,,,,,,,,,,,,,,,,,,,,,,,,
O-00470,Sandra Moreno,,,,,,,,,,,,,,,,,,,,,,,,,,,,,,,,,
O-00471,Corbett Middle School,,,,,,,,,,,,,,,,,,,,,,,,,,,,,,,,,
O-00472,Floyd Light Middle School,,,,,,,,,,,,,,,,,,,,,,,,,,,,,,,,,
O-00473,Gresham High School,,,,,,,,,,,,,,,,,,,,,,,,,,,,,,,,,
O-00474,Levi Anderson Learning Center,,,,,,,,,,,,,,,,,,,,,,,,,,,,,,,,,
O-00475,Sisters High School,,,,,,,,,,,,,,,,,,,,,,,,,,,,,,,,,
O-00476,Tom McCall Elementary School,,,,,,,,,,,,,,,,,,,,,,,,,,,,,,,,,
O-00477,Valor Christian School International,,,,,,,,,,,,,,,,,,,,,,,,,,,,,,,,,
O-00478,Vose Elementary School,,,,,,,,,,,,,,,,,,,,,,,,,,,,,,,,,
O-00479,West Sylvan Middle School,,,,,,,,,,,,,,,,,,,,,,,,,,,,,,,,,
O-00480,Angela Gausman,,,,,,,,,,,,,,,,,,,,,,,,,,,,,,,,,
O-00481,J Geurts,,,,,,,,,,,,,,,,,,,,,,,,,,,,,,,,,
O-00482,Richard Almeida,,,,,,,,,,,,,,,,,,,,,,,,,,,,,,,,,
O-00483,Matthew Bradley,,,,,,,,,,,,,,,,,,,,,,,,,,,,,,,,,
O-00484,Holly Neill,,,,,,,,,,,,,,,,,,,,,,,,,,,,,,,,,
O-00485,Cameron Glogau,,,,,,,,,,,,,,,,,,,,,,,,,,,,,,,,,
O-00486,Vernon PTA,,,,,,,,,,,,,,,,,,,,,,,,,,,,,,,,,
O-00487,Troutdale PALS,,,,,,,,,,,,,,,,,,,,,,,,,,,,,,,,,
O-00488,"Self Enhancement, Inc.",,,,,,,,,,,,,,,,,,,,,,,,,,,,,,,,,
O-00489,Janine Kirstein,,,,,,,,,,,,,,,,,,,,,,,,,,,,,,,,,
O-00490,Lucas Ambrose Houck,,,,,,,,,,,,,,,,,,,,,,,,,,,,,,,,,
O-00491,DAVID DOUGLAS SCHOOL DISTRICT,,,,,,,,,,,,,,,,,,,,,,,,,,,,,,,,,
O-00492,Virginia Garcia Memorial,,,,,,,,,,,,,,,,,,,,,,,,,,,,,,,,,
O-00493,Providence St. Vincent Medical Foundation,,,,,,,,,,,,,,,,,,,,,,,,,,,,,,,,,
O-00494,Milwaukie Rotary Foundation,,,,,,,,,,,,,,,,,,,,,,,,,,,,,,,,,
O-00495,African American Alliance for Home Ownership,,,,,,,,,,,,,,,,,,,,,,,,,,,,,,,,,
O-00496,Woodstock Neighborhood Association,,,,,,,,,,,,,,,,,,,,,,,,,,,,,,,,,
O-00497,The Street Trust,,,,,,,,,,,,,,,,,,,,,,,,,,,,,,,,,
O-00498,Portland Pride,,,,,,,,,,,,,,,,,,,,,,,,,,,,,,,,,
O-00499,Gresham Farmers Market,,,,,,,,,,,,,,,,,,,,,,,,,,,,,,,,,
O-00500,Portland Picnic LLC,,,,,,,,,,,,,,,,,,,,,,,,,,,,,,,,,
O-00501,2D4D,,,,,,,,,,,,,,,,,,,,,,,,,,,,,,,,,
O-00502,DOWNTOWN OREGON CITY ASSOCIATION,,,,,,,,,,,,,,,,,,,,,,,,,,,,,,,,,
O-00503,Portland-Kaohsiung Sister City Assocation,,,,,,,,,,,,,,,,,,,,,,,,,,,,,,,,,
O-00504,Rock Creek Elementary School,,,,,,,,,,,,,,,,,,,,,,,,,,,,,,,,,
O-00505,PRESCOTT ELEMENTARY SCHOOL,,,,,,,,,,,,,,,,,,,,,,,,,,,,,,,,,
O-00506,Molalla High School,,,,,,,,,,,,,,,,,,,,,,,,,,,,,,,,,
O-00507,Skyview High School,,,,,,,,,,,,,,,,,,,,,,,,,,,,,,,,,
O-00508,Gilbert Heights Elementary,,,,,,,,,,,,,,,,,,,,,,,,,,,,,,,,,
O-00509,Scouters Mountain Elementary,,,,,,,,,,,,,,,,,,,,,,,,,,,,,,,,,
O-00510,West Tualatin View Elementary School,,,,,,,,,,,,,,,,,,,,,,,,,,,,,,,,,
O-00511,Colton Middle School,,,,,,,,,,,,,,,,,,,,,,,,,,,,,,,,,
O-00512,Sky View Middle School,,,,,,,,,,,,,,,,,,,,,,,,,,,,,,,,,
O-00513,Fir Ridge Campus,,,,,,,,,,,,,,,,,,,,,,,,,,,,,,,,,
O-00514,Greg Wognild,,,,,,,,,,,,,,,,,,,,,,,,,,,,,,,,,
O-00515,Kellie Tichenor,,,,,,,,,,,,,,,,,,,,,,,,,,,,,,,,,
O-00516,Joseph Minato,,,,,,,,,,,,,,,,,,,,,,,,,,,,,,,,,
O-00517,Nadia Boria,,,,,,,,,,,,,,,,,,,,,,,,,,,,,,,,,
O-00518,MIchelle Colbert,,,,,,,,,,,,,,,,,,,,,,,,,,,,,,,,,
O-00519,Stephanie Fitzgerald,,,,,,,,,,,,,,,,,,,,,,,,,,,,,,,,,
O-00520,Brandon Ramey,,,,,,,,,,,,,,,,,,,,,,,,,,,,,,,,,
O-00521,Care Partners,,,,,,,,,,,,,,,,,,,,,,,,,,,,,,,,,
O-00522,Myron Ryan,,,,,,,,,,,,,,,,,,,,,,,,,,,,,,,,,
O-00523,Francesca Erika Aultman,,,,,,,,,,,,,,,,,,,,,,,,,,,,,,,,,
O-00524,Metropolitan Exposition Recreation Commission,,,,,,,,,,,,,,,,,,,,,,,,,,,,,,,,,
O-00525,Tori Sharpe,,,,,,,,,,,,,,,,,,,,,,,,,,,,,,,,,
O-00526,Vancouver Farmers Market Association,,,,,,,,,,,,,,,,,,,,,,,,,,,,,,,,,
O-00527,Redmond Chamber of Commerce,,,,,,,,,,,,,,,,,,,,,,,,,,,,,,,,,
O-00528,APANO Communities United Fund,,,,,,,,,,,,,,,,,,,,,,,,,,,,,,,,,
O-00529,Wheel To Walk Foundation,,,,,,,,,,,,,,,,,,,,,,,,,,,,,,,,,
O-00530,Innovative Services NW,,,,,,,,,,,,,,,,,,,,,,,,,,,,,,,,,
O-00531,People Growers of America,,,,,,,,,,,,,,,,,,,,,,,,,,,,,,,,,
O-00532,Chinook Elementary,,,,,,,,,,,,,,,,,,,,,,,,,,,,,,,,,
O-00533,NeighborImpact,,,,,,,,,,,,,,,,,,,,,,,,,,,,,,,,,
O-00534,Portland Literacy Council,,,,,,,,,,,,,,,,,,,,,,,,,,,,,,,,,
O-00535,Abernethy PTA,,,,,,,,,,,,,,,,,,,,,,,,,,,,,,,,,
O-00536,Benson Polytechnic High School,,,,,,,,,,,,,,,,,,,,,,,,,,,,,,,,,
O-00537,Morrison Child and Family Services,,,,,,,,,,,,,,,,,,,,,,,,,,,,,,,,,
O-00538,A FAMILY PLACE,,,,,,,,,,,,,,,,,,,,,,,,,,,,,,,,,
O-00539,Impact NW dba Squires,,,,,,,,,,,,,,,,,,,,,,,,,,,,,,,,,
O-00540,Faith Cafe,,,,,,,,,,,,,,,,,,,,,,,,,,,,,,,,,
O-00541,Mary Woodward Elementary PSO Foundation,,,,,,,,,,,,,,,,,,,,,,,,,,,,,,,,,
O-00542,Abilities at Work,,,,,,,,,,,,,,,,,,,,,,,,,,,,,,,,,
O-00543,Gladstone Education Foundation,,,,,,,,,,,,,,,,,,,,,,,,,,,,,,,,,
O-00544,Dundee Parent Group,,,,,,,,,,,,,,,,,,,,,,,,,,,,,,,,,
O-00545,Boise-Eliot/Humboldt PTA,,,,,,,,,,,,,,,,,,,,,,,,,,,,,,,,,
O-00546,Black Community of Portland,,,,,,,,,,,,,,,,,,,,,,,,,,,,,,,,,
O-00547,Bethlehem Inn,,,,,,,,,,,,,,,,,,,,,,,,,,,,,,,,,
O-00548,Parks Foundation of Clark County,,,,,,,,,,,,,,,,,,,,,,,,,,,,,,,,,
O-00549,Lane County Literacy Council,,,,,,,,,,,,,,,,,,,,,,,,,,,,,,,,,
O-00550,Oregon Law Foundation,,,,,,,,,,,,,,,,,,,,,,,,,,,,,,,,,
O-00551,Assistance League of Greater Portland,,,,,,,,,,,,,,,,,,,,,,,,,,,,,,,,,
O-00552,Healthy Kids Running Series,,,,,,,,,,,,,,,,,,,,,,,,,,,,,,,,,
O-00553,Albertina Kerr Centers Foundation,,,,,,,,,,,,,,,,,,,,,,,,,,,,,,,,,
O-00554,Oregon Nurses Foundation,,,,,,,,,,,,,,,,,,,,,,,,,,,,,,,,,
O-00555,"Heart of Oregon Corps., Inc.",,,,,,,,,,,,,,,,,,,,,,,,,,,,,,,,,
O-00556,RONALD MCDONALD HOUSE CHARITIES,,,,,,,,,,,,,,,,,,,,,,,,,,,,,,,,,
O-00557,Community Living Above,,,,,,,,,,,,,,,,,,,,,,,,,,,,,,,,,
O-00558,Fir Grove Children's Center,,,,,,,,,,,,,,,,,,,,,,,,,,,,,,,,,
O-00559,Maybelle Center for Community,,,,,,,,,,,,,,,,,,,,,,,,,,,,,,,,,
O-00560,Opal Creek Ancient Forest Center,,,,,,,,,,,,,,,,,,,,,,,,,,,,,,,,,
O-00561,Pearl Buck Center,,,,,,,,,,,,,,,,,,,,,,,,,,,,,,,,,
O-00562,Alberta Rider Elementary School P.S.O.,,,,,,,,,,,,,,,,,,,,,,,,,,,,,,,,,
O-00563,VOZ Workers Rights Education Project,,,,,,,,,,,,,,,,,,,,,,,,,,,,,,,,,
O-00564,Cully Association of Neighbors,,,,,,,,,,,,,,,,,,,,,,,,,,,,,,,,,
O-00565,Arlington Club,,,,,,,,,,,,,,,,,,,,,,,,,,,,,,,,,
O-00566,Clackamas Women's Services,,,,,,,,,,,,,,,,,,,,,,,,,,,,,,,,,
O-00567,Beyond Differences,,,,,,,,,,,,,,,,,,,,,,,,,,,,,,,,,
O-00568,The Arc of Multnomah-Clackamas,,,,,,,,,,,,,,,,,,,,,,,,,,,,,,,,,
O-00569,Teachers Brigade,,,,,,,,,,,,,,,,,,,,,,,,,,,,,,,,,
O-00570,Portland Opportunities Industrialization Center,,,,,,,,,,,,,,,,,,,,,,,,,,,,,,,,,
O-00571,India Cultural Association,,,,,,,,,,,,,,,,,,,,,,,,,,,,,,,,,
O-00572,CASA of Clackamas County,,,,,,,,,,,,,,,,,,,,,,,,,,,,,,,,,
O-00573,Parent Support Center,,,,,,,,,,,,,,,,,,,,,,,,,,,,,,,,,
O-00574,Rocky Butte Farmers Market,,,,,,,,,,,,,,,,,,,,,,,,,,,,,,,,,
O-00575,The Scotch,,,,,,,,,,,,,,,,,,,,,,,,,,,,,,,,,
O-00576,Identity Clark County,,,,,,,,,,,,,,,,,,,,,,,,,,,,,,,,,
O-00577,Tualatin United Methodist Church,,,,,,,,,,,,,,,,,,,,,,,,,,,,,,,,,
O-00578,Don't Give Up Movement,,,,,,,,,,,,,,,,,,,,,,,,,,,,,,,,,
O-00579,Oregon Community Foundation,,,,,,,,,,,,,,,,,,,,,,,,,,,,,,,,,
O-00580,ASD Oregon,,,,,,,,,,,,,,,,,,,,,,,,,,,,,,,,,
O-00581,Free Clinic of Southwest Washington,,,,,,,,,,,,,,,,,,,,,,,,,,,,,,,,,
O-00582,Girls Build,,,,,,,,,,,,,,,,,,,,,,,,,,,,,,,,,
O-00583,Lents Neighborhood Livability Association,,,,,,,,,,,,,,,,,,,,,,,,,,,,,,,,,
O-00584,Muscular Dystrophy Association,,,,,,,,,,,,,,,,,,,,,,,,,,,,,,,,,
O-00585,Urban League of Portland,,,,,,,,,,,,,,,,,,,,,,,,,,,,,,,,,
O-00586,Lane County School District No. 4J,,,,,,,,,,,,,,,,,,,,,,,,,,,,,,,,,
O-00587,BendNEXT,,,,,,,,,,,,,,,,,,,,,,,,,,,,,,,,,
O-00588,Forest Grove Community School,,,,,,,,,,,,,,,,,,,,,,,,,,,,,,,,,
O-00589,Friends of Amity,,,,,,,,,,,,,,,,,,,,,,,,,,,,,,,,,
O-00590,Jason Lee PTA,,,,,,,,,,,,,,,,,,,,,,,,,,,,,,,,,
O-00591,North Marion Parents,,,,,,,,,,,,,,,,,,,,,,,,,,,,,,,,,
O-00592,United Way of Deschutes,,,,,,,,,,,,,,,,,,,,,,,,,,,,,,,,,
O-00593,Oregon Museum of Science and Industry,,,,,,,,,,,,,,,,,,,,,,,,,,,,,,,,,
O-00594,Beaver Acres Elementary PTO,,,,,,,,,,,,,,,,,,,,,,,,,,,,,,,,,
O-00595,Friends of Gladstone Nature Park,,,,,,,,,,,,,,,,,,,,,,,,,,,,,,,,,
O-00596,Grow Portland,,,,,,,,,,,,,,,,,,,,,,,,,,,,,,,,,
O-00597,Asian Health & Service Center,,,,,,,,,,,,,,,,,,,,,,,,,,,,,,,,,
O-00598,SquareOne Villages,,,,,,,,,,,,,,,,,,,,,,,,,,,,,,,,,
O-00599,Bridges Collaborative Care Clinic,,,,,,,,,,,,,,,,,,,,,,,,,,,,,,,,,
O-00600,Oregon City School District,,,,,,,,,,,,,,,,,,,,,,,,,,,,,,,,,
O-00601,Multicultural Integrated Kidney Education Program,,,,,,,,,,,,,,,,,,,,,,,,,,,,,,,,,
O-00602,Thurston High School,,,,,,,,,,,,,,,,,,,,,,,,,,,,,,,,,
O-00603,Lane County Diaper Bank,,,,,,,,,,,,,,,,,,,,,,,,,,,,,,,,,
O-00604,Lunch Buddy Mentoring Program,,,,,,,,,,,,,,,,,,,,,,,,,,,,,,,,,
O-00605,MAPLE Microdevelopment,,,,,,,,,,,,,,,,,,,,,,,,,,,,,,,,,
O-00606,North Star Elementary PTO,,,,,,,,,,,,,,,,,,,,,,,,,,,,,,,,,
O-00607,Northwest Animal Companions,,,,,,,,,,,,,,,,,,,,,,,,,,,,,,,,,
O-00608,Schirle Elementary Parents Club,,,,,,,,,,,,,,,,,,,,,,,,,,,,,,,,,
O-00609,HOLLA,,,,,,,,,,,,,,,,,,,,,,,,,,,,,,,,,
O-00610,Mt. Scott Learning Center,,,,,,,,,,,,,,,,,,,,,,,,,,,,,,,,,
O-00611,Southridge High School,,,,,,,,,,,,,,,,,,,,,,,,,,,,,,,,,
O-00612,Southeast Portland Rotary Foundation Inc.,,,,,,,,,,,,,,,,,,,,,,,,,,,,,,,,,
O-00613,Union Gospel Mission,,,,,,,,,,,,,,,,,,,,,,,,,,,,,,,,,
O-00614,Where Ability Grows,,,,,,,,,,,,,,,,,,,,,,,,,,,,,,,,,
O-00615,Youth Villages Oregon,,,,,,,,,,,,,,,,,,,,,,,,,,,,,,,,,
O-00616,Boys and Girls Club Portland Metropolitan Area,,,,,,,,,,,,,,,,,,,,,,,,,,,,,,,,,
O-00617,Sacred Heart Medical Center,,,,,,,,,,,,,,,,,,,,,,,,,,,,,,,,,
O-00618,Agros International,,,,,,,,,,,,,,,,,,,,,,,,,,,,,,,,,
O-00619,CENTRAL OREGON LOCAVORE,,,,,,,,,,,,,,,,,,,,,,,,,,,,,,,,,
O-00620,Chief Cornerstone Boxing,,,,,,,,,,,,,,,,,,,,,,,,,,,,,,,,,
O-00621,Community Cycling Center,,,,,,,,,,,,,,,,,,,,,,,,,,,,,,,,,
O-00622,Grant High School Instrumental Music Program,,,,,,,,,,,,,,,,,,,,,,,,,,,,,,,,,
O-00623,Oregon City High School Structured Learning Center,,,,,,,,,,,,,,,,,,,,,,,,,,,,,,,,,
O-00624,Oregon Impact,,,,,,,,,,,,,,,,,,,,,,,,,,,,,,,,,
O-00625,Portland Columbia Symphony,,,,,,,,,,,,,,,,,,,,,,,,,,,,,,,,,
O-00626,Bloomin Boutique,,,,,,,,,,,,,,,,,,,,,,,,,,,,,,,,,
O-00627,Wild Diversity,,,,,,,,,,,,,,,,,,,,,,,,,,,,,,,,,
O-00628,Central Lane Robotics,,,,,,,,,,,,,,,,,,,,,,,,,,,,,,,,,
O-00629,Bridlemile Foundation,,,,,,,,,,,,,,,,,,,,,,,,,,,,,,,,,
O-00630,Farmers Market Fund,,,,,,,,,,,,,,,,,,,,,,,,,,,,,,,,,
O-00631,Birch Community Services,,,,,,,,,,,,,,,,,,,,,,,,,,,,,,,,,
O-00632,Childrens Cancer Association,,,,,,,,,,,,,,,,,,,,,,,,,,,,,,,,,
O-00633,Kenton Action Plan,,,,,,,,,,,,,,,,,,,,,,,,,,,,,,,,,
O-00634,WellMama,,,,,,,,,,,,,,,,,,,,,,,,,,,,,,,,,
O-00635,Montclair Elementary PTO,,,,,,,,,,,,,,,,,,,,,,,,,,,,,,,,,
O-00636,KairosPDX,,,,,,,,,,,,,,,,,,,,,,,,,,,,,,,,,
O-00637,Bethel School District,,,,,,,,,,,,,,,,,,,,,,,,,,,,,,,,,
O-00638,Charitable Partnership Fund,,,,,,,,,,,,,,,,,,,,,,,,,,,,,,,,,
O-00639,SOLVE,,,,,,,,,,,,,,,,,,,,,,,,,,,,,,,,,
O-00641,Montavilla East Tabor Business Association,,,,,,,,,,,,,,,,,,,,,,,,,,,,,,,,,
O-00642,Oregon Association of Minority Entrepreneurs,,,,,,,,,,,,,,,,,,,,,,,,,,,,,,,,,
O-00643,Kiwanis Food Bank,,,,,,,,,,,,,,,,,,,,,,,,,,,,,,,,,
O-00644,Portland Workforce Alliance,,,,,,,,,,,,,,,,,,,,,,,,,,,,,,,,,
O-00645,Vancouver Farmers Market Assoc.,,,,,,,,,,,,,,,,,,,,,,,,,,,,,,,,,
O-00646,Tower Theatre Foundation,,,,,,,,,,,,,,,,,,,,,,,,,,,,,,,,,
O-00647,Sunnyside Elementary PTA,,,,,,,,,,,,,,,,,,,,,,,,,,,,,,,,,
O-00648,Sellwood Middle School Foundation,,,,,,,,,,,,,,,,,,,,,,,,,,,,,,,,,
O-00649,Bend Senior High School,,,,,,,,,,,,,,,,,,,,,,,,,,,,,,,,,
O-00650,Thurston Elementary School,,,,,,,,,,,,,,,,,,,,,,,,,,,,,,,,,
O-00651,Roosevelt Middle School,,,,,,,,,,,,,,,,,,,,,,,,,,,,,,,,,
O-00652,Metropolitan Learing Center,,,,,,,,,,,,,,,,,,,,,,,,,,,,,,,,,
O-00653,Meadows Elementary PTO,,,,,,,,,,,,,,,,,,,,,,,,,,,,,,,,,
O-00654,Jefferson High School,,,,,,,,,,,,,,,,,,,,,,,,,,,,,,,,,
O-00655,Immigrant and Refugee Community Organization,,,,,,,,,,,,,,,,,,,,,,,,,,,,,,,,,
O-00656,Girls Count,,,,,,,,,,,,,,,,,,,,,,,,,,,,,,,,,
O-00657,FACES of America,,,,,,,,,,,,,,,,,,,,,,,,,,,,,,,,,
O-00658,Greater Vancouver Chamber of Commerce,,,,,,,,,,,,,,,,,,,,,,,,,,,,,,,,,